"Index Name","Date","Open","High","Low","Close"
"NIFTY OIL & GAS","10 Jul 2024","12695.25","12704.7","12343.9","12640.90"
"NIFTY OIL & GAS","09 Jul 2024","12712.25","12720.9","12572.6","12634.80"
"NIFTY OIL & GAS","08 Jul 2024","12571.9","12693.2","12509.2","12656.85"
"NIFTY OIL & GAS","05 Jul 2024","12322.8","12576.2","12296.15","12547.00"
"NIFTY OIL & GAS","04 Jul 2024","12334.9","12366.1","12278.8","12314.00"
"NIFTY OIL & GAS","03 Jul 2024","12343.6","12359.9","12249.65","12305.40"
"NIFTY OIL & GAS","02 Jul 2024","12318.5","12426.2","12231.3","12301.95"
"NIFTY OIL & GAS","01 Jul 2024","12247.2","12288.95","12215.25","12270.35"
"NIFTY OIL & GAS","28 Jun 2024","12055.7","12298.3","12055.7","12223.35"
"NIFTY OIL & GAS","27 Jun 2024","11935.4","12051.75","11896.95","12021.55"
"NIFTY OIL & GAS","26 Jun 2024","11745.55","11934.65","11705.35","11918.60"
"NIFTY OIL & GAS","25 Jun 2024","11832.8","11877.85","11734.2","11755.60"
"NIFTY OIL & GAS","24 Jun 2024","11837.25","11882.25","11719.05","11808.15"
"NIFTY OIL & GAS","21 Jun 2024","12022.6","12028.05","11821.05","11860.45"
"NIFTY OIL & GAS","20 Jun 2024","11908.7","12041.15","11827.3","11989.10"
"NIFTY OIL & GAS","19 Jun 2024","12126.7","12130.95","11869.35","11879.30"
"NIFTY OIL & GAS","18 Jun 2024","12194.5","12194.5","12041.8","12089.20"
"NIFTY OIL & GAS","14 Jun 2024","12056.05","12133.2","11993.4","12095.25"
"NIFTY OIL & GAS","13 Jun 2024","12027.65","12036.25","11914.25","12023.25"
"NIFTY OIL & GAS","12 Jun 2024","11944.95","12039.2","11895.5","11940.30"
"NIFTY OIL & GAS","11 Jun 2024","11762.1","11896.25","11658.45","11842.00"
"NIFTY OIL & GAS","10 Jun 2024","11786","11844.55","11662.1","11686.85"
"NIFTY OIL & GAS","07 Jun 2024","11475.15","11713.25","11427.45","11696.65"
"NIFTY OIL & GAS","06 Jun 2024","11403.05","11633.05","11342.3","11456.30"
"NIFTY OIL & GAS","05 Jun 2024","11235.65","11237","10680.4","11191.45"
"NIFTY OIL & GAS","04 Jun 2024","12407.3","12407.3","10503.35","10952.30"
"NIFTY OIL & GAS","03 Jun 2024","12238.25","12437.75","12031.8","12417.10"
"NIFTY OIL & GAS","31 May 2024","11608.05","11671.45","11506.2","11625.00"
"NIFTY OIL & GAS","30 May 2024","11684.35","11716","11509.45","11539.05"
"NIFTY OIL & GAS","29 May 2024","11736.55","11791.4","11669.5","11684.85"
"NIFTY OIL & GAS","28 May 2024","11957.85","11972.05","11778.65","11804.65"
"NIFTY OIL & GAS","27 May 2024","12031.75","12046.4","11843.85","11926.15"
"NIFTY OIL & GAS","24 May 2024","11931.65","12062.3","11885.15","11992.15"
"NIFTY OIL & GAS","23 May 2024","11821.1","11949.2","11809.75","11930.80"
"NIFTY OIL & GAS","22 May 2024","11845.5","11857","11690.95","11789.70"
"NIFTY OIL & GAS","21 May 2024","11704.25","11825.8","11682.55","11767.75"
"NIFTY OIL & GAS","18 May 2024","11691.2","11717.95","11683.5","11699.00"
"NIFTY OIL & GAS","17 May 2024","11551.85","11657.8","11521.5","11644.40"
"NIFTY OIL & GAS","16 May 2024","11577.15","11607.2","11412.8","11533.00"
"NIFTY OIL & GAS","15 May 2024","11485.95","11552.9","11453","11507.25"
"NIFTY OIL & GAS","14 May 2024","11289.65","11457.4","11260.15","11439.20"
"NIFTY OIL & GAS","13 May 2024","11374.25","11384.75","11048.25","11263.90"
"NIFTY OIL & GAS","10 May 2024","11309.7","11379.45","11181.25","11348.70"
"NIFTY OIL & GAS","09 May 2024","11585.2","11606.65","11180.35","11212.35"
"NIFTY OIL & GAS","08 May 2024","11396.75","11669.5","11373.85","11577.05"
"NIFTY OIL & GAS","07 May 2024","11661.4","11677.2","11352.8","11383.10"
"NIFTY OIL & GAS","06 May 2024","11866.4","11874.4","11544.6","11601.20"
"NIFTY OIL & GAS","03 May 2024","11993.85","12035","11698.3","11807.65"
"NIFTY OIL & GAS","02 May 2024","11892.15","11966.5","11811.6","11925.00"
"NIFTY OIL & GAS","30 Apr 2024","11959.25","12020.9","11811.55","11826.50"
"NIFTY OIL & GAS","29 Apr 2024","11830.7","11932.5","11814.4","11899.05"
"NIFTY OIL & GAS","26 Apr 2024","11774","11862.75","11740.35","11785.15"
"NIFTY OIL & GAS","25 Apr 2024","11640.75","11767.15","11629.85","11741.90"
"NIFTY OIL & GAS","24 Apr 2024","11638.35","11709.85","11588.65","11658.60"
"NIFTY OIL & GAS","23 Apr 2024","11715.2","11755","11564.4","11581.55"
"NIFTY OIL & GAS","22 Apr 2024","11682.45","11695.9","11612.3","11666.90"
"NIFTY OIL & GAS","19 Apr 2024","11544.55","11667.6","11446.85","11609.85"
"NIFTY OIL & GAS","18 Apr 2024","11858.55","11996.65","11600","11635.30"
"NIFTY OIL & GAS","16 Apr 2024","11620.2","11888.8","11584.6","11765.30"
"NIFTY OIL & GAS","15 Apr 2024","11545.35","11839.35","11426.15","11695.15"
"NIFTY OIL & GAS","12 Apr 2024","11787.75","11818.75","11629.45","11647.75"
"NIFTY OIL & GAS","10 Apr 2024","11649.30","11858.65","11644.70","11793.05"
"NIFTY OIL & GAS","09 Apr 2024","11709.00","11717.60","11573.15","11618.70"
"NIFTY OIL & GAS","08 Apr 2024","11545.10","11705.15","11543.30","11670.50"
"NIFTY OIL & GAS","05 Apr 2024","11466.20","11538.00","11371.35","11503.65"
"NIFTY OIL & GAS","04 Apr 2024","11724.95","11728.40","11429.75","11494.80"
"NIFTY OIL & GAS","03 Apr 2024","11649.90","11747.60","11620.25","11654.50"
"NIFTY OIL & GAS","02 Apr 2024","11524.40","11664.95","11513.70","11649.70"
"NIFTY OIL & GAS","01 Apr 2024","11492.80","11564.30","11479.65","11500.30"
"NIFTY OIL & GAS","28 Mar 2024","11408.75","11541.40","11384.80","11440.90"
"NIFTY OIL & GAS","27 Mar 2024","11361.90","11519.90","11341.25","11365.75"
"NIFTY OIL & GAS","26 Mar 2024","11167.60","11345.20","11135.85","11304.55"
"NIFTY OIL & GAS","22 Mar 2024","11214.70","11293.00","11141.15","11223.00"
"NIFTY OIL & GAS","21 Mar 2024","11147.65","11232.70","11125.85","11201.75"
"NIFTY OIL & GAS","20 Mar 2024","10953.50","11067.20","10882.20","11055.85"
"NIFTY OIL & GAS","19 Mar 2024","11061.45","11076.05","10867.45","10915.15"
"NIFTY OIL & GAS","18 Mar 2024","11055.55","11152.60","11004.80","11103.15"
"NIFTY OIL & GAS","15 Mar 2024","11202.55","11269.50","10770.15","11058.80"
"NIFTY OIL & GAS","14 Mar 2024","11004.00","11310.20","10956.80","11281.85"
"NIFTY OIL & GAS","13 Mar 2024","11613.95","11619.45","10973.65","11025.40"
"NIFTY OIL & GAS","12 Mar 2024","11659.80","11731.15","11565.05","11589.30"
"NIFTY OIL & GAS","11 Mar 2024","11776.45","11827.55","11623.85","11643.55"
"NIFTY OIL & GAS","07 Mar 2024","11907.65","11941.65","11742.95","11768.25"
"NIFTY OIL & GAS","06 Mar 2024","12016.00","12058.00","11706.20","11911.20"
"NIFTY OIL & GAS","05 Mar 2024","12004.80","12054.80","11915.95","12034.65"
"NIFTY OIL & GAS","04 Mar 2024","11770.40","12005.65","11750.25","11972.00"
"NIFTY OIL & GAS","02 Mar 2024","11746.30","11789.95","11723.00","11751.90"
"NIFTY OIL & GAS","01 Mar 2024","11544.25","11746.15","11538.20","11715.40"
"NIFTY OIL & GAS","29 Feb 2024","11456.70","11516.10","11376.75","11457.50"
"NIFTY OIL & GAS","28 Feb 2024","11684.50","11725.35","11407.25","11441.60"
"NIFTY OIL & GAS","27 Feb 2024","11755.20","11778.25","11616.45","11684.15"
"NIFTY OIL & GAS","26 Feb 2024","11757.45","11819.55","11646.30","11769.90"
"NIFTY OIL & GAS","23 Feb 2024","11828.95","11847.45","11707.50","11756.30"
"NIFTY OIL & GAS","22 Feb 2024","11780.45","11825.85","11584.30","11806.75"
"NIFTY OIL & GAS","21 Feb 2024","11977.95","12009.80","11708.35","11771.95"
"NIFTY OIL & GAS","20 Feb 2024","11921.35","11982.20","11788.00","11943.35"
"NIFTY OIL & GAS","19 Feb 2024","11893.60","11995.65","11849.25","11919.70"
"NIFTY OIL & GAS","16 Feb 2024","11973.50","12074.30","11824.90","11854.10"
"NIFTY OIL & GAS","15 Feb 2024","11705.70","11982.20","11655.90","11926.40"
"NIFTY OIL & GAS","14 Feb 2024","11197.25","11663.50","11158.45","11639.85"
"NIFTY OIL & GAS","13 Feb 2024","11256.10","11376.50","11137.85","11289.65"
"NIFTY OIL & GAS","12 Feb 2024","11510.25","11561.15","11190.60","11239.05"
"NIFTY OIL & GAS","09 Feb 2024","11750.15","11754.35","11301.80","11541.40"
"NIFTY OIL & GAS","08 Feb 2024","11675.10","11779.20","11558.00","11704.30"
"NIFTY OIL & GAS","07 Feb 2024","11679.15","11721.75","11526.10","11596.80"
"NIFTY OIL & GAS","06 Feb 2024","11365.15","11623.65","11194.60","11572.05"
"NIFTY OIL & GAS","05 Feb 2024","11222.00","11448.15","11108.60","11271.40"
"NIFTY OIL & GAS","02 Feb 2024","10825.85","11159.80","10816.65","11111.50"
"NIFTY OIL & GAS","01 Feb 2024","10803.95","10803.95","10654.30","10727.95"
"NIFTY OIL & GAS","31 Jan 2024","10675.35","10799.30","10649.80","10728.65"
"NIFTY OIL & GAS","30 Jan 2024","10824.10","10938.25","10636.80","10656.35"
"NIFTY OIL & GAS","29 Jan 2024","10291.20","10738.85","10259.20","10710.40"
"NIFTY OIL & GAS","25 Jan 2024","10253.25","10285.35","10139.60","10183.30"
"NIFTY OIL & GAS","24 Jan 2024","10055.50","10236.25","9987.95","10215.00"
"NIFTY OIL & GAS","23 Jan 2024","10517.40","10520.10","9957.65","10013.15"
"NIFTY OIL & GAS","20 Jan 2024","10405.15","10440.75","10329.10","10373.40"
"NIFTY OIL & GAS","19 Jan 2024","10273.20","10379.10","10223.50","10359.00"
"NIFTY OIL & GAS","18 Jan 2024","10077.80","10206.50","9943.95","10189.40"
"NIFTY OIL & GAS","17 Jan 2024","10140.05","10280.40","10097.55","10128.90"
"NIFTY OIL & GAS","16 Jan 2024","10207.50","10323.30","10167.90","10230.65"
"NIFTY OIL & GAS","15 Jan 2024","10098.05","10204.95","10000.15","10193.20"
"NIFTY OIL & GAS","12 Jan 2024","9910.40","10034.80","9842.85","10019.95"
"NIFTY OIL & GAS","11 Jan 2024","9778.75","9888.30","9765.20","9875.20"
"NIFTY OIL & GAS","10 Jan 2024","9693.70","9748.80","9566.00","9731.65"
"NIFTY OIL & GAS","09 Jan 2024","9807.95","9812.65","9719.30","9731.05"
"NIFTY OIL & GAS","08 Jan 2024","9819.35","9874.40","9698.40","9720.80"
"NIFTY OIL & GAS","05 Jan 2024","9796.60","9816.45","9719.65","9770.30"
"NIFTY OIL & GAS","04 Jan 2024","9720.10","9766.05","9679.00","9745.40"
"NIFTY OIL & GAS","03 Jan 2024","9670.25","9742.35","9645.95","9688.95"
"NIFTY OIL & GAS","02 Jan 2024","9581.35","9664.25","9472.40","9635.85"
"NIFTY OIL & GAS","01 Jan 2024","9551.00","9617.70","9526.45","9572.85"
"NIFTY OIL & GAS","29 Dec 2023","9548.30","9558.75","9474.40","9496.15"
"NIFTY OIL & GAS","28 Dec 2023","9433.55","9625.55","9401.45","9588.75"
"NIFTY OIL & GAS","27 Dec 2023","9477.30","9491.40","9376.00","9399.40"
"NIFTY OIL & GAS","26 Dec 2023","9316.30","9451.05","9290.50","9427.05"
"NIFTY OIL & GAS","22 Dec 2023","9249.05","9297.40","9213.25","9287.05"
"NIFTY OIL & GAS","21 Dec 2023","8992.70","9223.35","8971.80","9210.45"
"NIFTY OIL & GAS","20 Dec 2023","9289.50","9447.70","9035.20","9053.80"
"NIFTY OIL & GAS","19 Dec 2023","9241.35","9258.10","9142.05","9228.65"
"NIFTY OIL & GAS","18 Dec 2023","9165.60","9206.10","9113.05","9155.65"
"NIFTY OIL & GAS","15 Dec 2023","9082.35","9190.35","9070.25","9150.90"
"NIFTY OIL & GAS","14 Dec 2023","8987.05","9054.30","8950.20","9039.30"
"NIFTY OIL & GAS","13 Dec 2023","8943.80","8947.75","8858.50","8915.10"
"NIFTY OIL & GAS","12 Dec 2023","9054.00","9062.75","8912.70","8926.85"
"NIFTY OIL & GAS","11 Dec 2023","9089.60","9134.10","9021.50","9044.25"
"NIFTY OIL & GAS","08 Dec 2023","9183.40","9197.00","8948.65","9044.50"
"NIFTY OIL & GAS","07 Dec 2023","9085.50","9124.50","9037.70","9109.70"
"NIFTY OIL & GAS","06 Dec 2023","8993.25","9056.90","8952.15","9043.05"
"NIFTY OIL & GAS","05 Dec 2023","8872.05","8919.90","8797.60","8910.55"
"NIFTY OIL & GAS","04 Dec 2023","8708.95","8831.25","8646.45","8786.75"
"NIFTY OIL & GAS","01 Dec 2023","8520.15","8559.15","8494.85","8518.80"
"NIFTY OIL & GAS","30 Nov 2023","8433.35","8486.65","8370.80","8476.40"
"NIFTY OIL & GAS","29 Nov 2023","8410.65","8449.10","8390.15","8414.60"
"NIFTY OIL & GAS","28 Nov 2023","8198.85","8353.35","8190.20","8347.25"
"NIFTY OIL & GAS","24 Nov 2023","8185.00","8195.00","8152.80","8161.20"
"NIFTY OIL & GAS","23 Nov 2023","8124.25","8191.75","8098.00","8179.45"
"NIFTY OIL & GAS","22 Nov 2023","8087.30","8150.65","8061.35","8106.60"
"NIFTY OIL & GAS","21 Nov 2023","8111.00","8127.85","8070.40","8078.80"
"NIFTY OIL & GAS","20 Nov 2023","8093.65","8109.60","8053.05","8072.25"
"NIFTY OIL & GAS","17 Nov 2023","8164.15","8214.05","8074.15","8082.30"
"NIFTY OIL & GAS","16 Nov 2023","8143.30","8207.70","8122.00","8173.10"
"NIFTY OIL & GAS","15 Nov 2023","8078.95","8129.35","8050.80","8115.55"
"NIFTY OIL & GAS","13 Nov 2023","7995.90","8003.95","7966.95","7999.10"
"NIFTY OIL & GAS","12 Nov 2023","8027.05","8034.20","8004.10","8013.75"
"NIFTY OIL & GAS","10 Nov 2023","7912.70","7976.55","7897.95","7970.55"
"NIFTY OIL & GAS","09 Nov 2023","8004.75","8007.30","7916.05","7923.00"
"NIFTY OIL & GAS","08 Nov 2023","7964.85","8011.90","7950.55","7987.15"
"NIFTY OIL & GAS","07 Nov 2023","7891.45","7958.15","7858.95","7925.10"
"NIFTY OIL & GAS","06 Nov 2023","7816.30","7879.35","7805.85","7873.10"
"NIFTY OIL & GAS","03 Nov 2023","7754.85","7793.50","7743.80","7773.50"
"NIFTY OIL & GAS","02 Nov 2023","7687.55","7724.75","7670.15","7713.85"
"NIFTY OIL & GAS","01 Nov 2023","7644.30","7680.20","7606.15","7626.30"
"NIFTY OIL & GAS","31 Oct 2023","7685.55","7693.55","7574.30","7609.45"
"NIFTY OIL & GAS","30 Oct 2023","7584.40","7688.40","7579.65","7649.95"
"NIFTY OIL & GAS","27 Oct 2023","7487.95","7565.00","7480.60","7549.00"
"NIFTY OIL & GAS","26 Oct 2023","7534.50","7544.85","7422.45","7453.60"
"NIFTY OIL & GAS","25 Oct 2023","7611.65","7665.95","7520.50","7566.85"
"NIFTY OIL & GAS","23 Oct 2023","7747.10","7758.20","7585.05","7606.90"
"NIFTY OIL & GAS","20 Oct 2023","7854.15","7860.55","7735.00","7758.15"
"NIFTY OIL & GAS","19 Oct 2023","7873.05","7890.05","7853.85","7871.15"
"NIFTY OIL & GAS","18 Oct 2023","8007.55","8013.05","7903.85","7913.10"
"NIFTY OIL & GAS","17 Oct 2023","7954.15","7986.35","7933.30","7980.55"
"NIFTY OIL & GAS","16 Oct 2023","7916.30","7956.20","7887.40","7923.70"
"NIFTY OIL & GAS","13 Oct 2023","7888.05","7937.55","7884.45","7902.50"
"NIFTY OIL & GAS","12 Oct 2023","7832.65","7911.00","7830.05","7905.60"
"NIFTY OIL & GAS","11 Oct 2023","7799.45","7838.35","7793.95","7819.00"
"NIFTY OIL & GAS","10 Oct 2023","7736.45","7772.25","7733.20","7762.70"
"NIFTY OIL & GAS","09 Oct 2023","7745.50","7753.60","7688.15","7708.40"
"NIFTY OIL & GAS","06 Oct 2023","7796.35","7801.90","7761.85","7790.75"
"NIFTY OIL & GAS","05 Oct 2023","7786.70","7809.55","7761.55","7769.75"
"NIFTY OIL & GAS","04 Oct 2023","7799.80","7807.25","7716.35","7757.65"
"NIFTY OIL & GAS","03 Oct 2023","7879.85","7883.05","7806.80","7810.65"
"NIFTY OIL & GAS","29 Sep 2023","7853.10","7942.45","7848.35","7902.80"
"NIFTY OIL & GAS","28 Sep 2023","7909.35","7915.60","7793.00","7810.55"
"NIFTY OIL & GAS","27 Sep 2023","7893.80","7898.55","7838.95","7878.10"
"NIFTY OIL & GAS","26 Sep 2023","7871.65","7899.55","7861.10","7877.20"
"NIFTY OIL & GAS","25 Sep 2023","7894.85","7906.25","7843.60","7864.40"
"NIFTY OIL & GAS","22 Sep 2023","7934.90","7961.15","7878.30","7884.45"
"NIFTY OIL & GAS","21 Sep 2023","7952.05","7987.90","7904.05","7915.55"
"NIFTY OIL & GAS","20 Sep 2023","7994.35","8026.00","7929.95","7954.75"
"NIFTY OIL & GAS","18 Sep 2023","8019.45","8049.00","7994.15","8028.35"
"NIFTY OIL & GAS","15 Sep 2023","8144.60","8144.60","8013.00","8025.20"
"NIFTY OIL & GAS","14 Sep 2023","8039.10","8092.50","8026.10","8086.10"
"NIFTY OIL & GAS","13 Sep 2023","7947.70","8019.25","7910.15","7998.00"
"NIFTY OIL & GAS","12 Sep 2023","8198.25","8198.90","7910.55","7921.95"
"NIFTY OIL & GAS","11 Sep 2023","8156.55","8176.30","8119.20","8151.55"
"NIFTY OIL & GAS","08 Sep 2023","8048.90","8119.65","8029.10","8107.30"
"NIFTY OIL & GAS","07 Sep 2023","8023.80","8028.95","7978.35","8017.75"
"NIFTY OIL & GAS","06 Sep 2023","7945.85","8016.60","7938.05","7999.10"
"NIFTY OIL & GAS","05 Sep 2023","7915.50","7993.05","7878.25","7938.05"
"NIFTY OIL & GAS","04 Sep 2023","7893.95","7920.65","7849.35","7878.25"
"NIFTY OIL & GAS","01 Sep 2023","7745.35","7864.50","7738.15","7849.35"
"NIFTY OIL & GAS","31 Aug 2023","7812.70","7830.25","7710.90","7729.05"
"NIFTY OIL & GAS","30 Aug 2023","7847.30","7853.90","7806.10","7810.30"
"NIFTY OIL & GAS","29 Aug 2023","7855.30","7859.45","7817.80","7836.70"
"NIFTY OIL & GAS","28 Aug 2023","7861.20","7892.95","7813.60","7829.50"
"NIFTY OIL & GAS","25 Aug 2023","7807.00","7906.60","7804.60","7838.85"
"NIFTY OIL & GAS","24 Aug 2023","7934.30","7958.75","7849.40","7861.50"
"NIFTY OIL & GAS","23 Aug 2023","7944.45","7948.20","7895.85","7905.75"
"NIFTY OIL & GAS","22 Aug 2023","7925.70","7971.80","7906.35","7930.05"
"NIFTY OIL & GAS","21 Aug 2023","7938.30","7957.65","7891.55","7929.80"
"NIFTY OIL & GAS","18 Aug 2023","7947.55","7979.50","7895.45","7945.10"
"NIFTY OIL & GAS","17 Aug 2023","8019.45","8021.30","7943.60","7956.95"
"NIFTY OIL & GAS","16 Aug 2023","7963.10","8029.70","7941.70","8023.55"
"NIFTY OIL & GAS","14 Aug 2023","8030.80","8031.80","7934.50","8004.35"
"NIFTY OIL & GAS","11 Aug 2023","8051.55","8054.35","7993.80","8019.25"
"NIFTY OIL & GAS","10 Aug 2023","8063.20","8076.30","8014.30","8046.55"
"NIFTY OIL & GAS","09 Aug 2023","7966.80","8052.80","7931.35","8043.50"
"NIFTY OIL & GAS","08 Aug 2023","7989.90","8015.60","7944.95","7962.75"
"NIFTY OIL & GAS","07 Aug 2023","7994.90","7994.90","7939.95","7974.70"
"NIFTY OIL & GAS","04 Aug 2023","7990.05","7990.15","7921.90","7952.00"
"NIFTY OIL & GAS","03 Aug 2023","7976.85","7986.20","7896.55","7934.70"
"NIFTY OIL & GAS","02 Aug 2023","8114.40","8116.15","7941.00","7998.45"
"NIFTY OIL & GAS","01 Aug 2023","8145.00","8165.95","8100.30","8110.35"
"NIFTY OIL & GAS","31 Jul 2023","8097.85","8151.30","8063.50","8141.15"
"NIFTY OIL & GAS","28 Jul 2023","8058.05","8094.50","8005.35","8058.20"
"NIFTY OIL & GAS","27 Jul 2023","8145.70","8147.80","8010.55","8032.50"
"NIFTY OIL & GAS","26 Jul 2023","8088.15","8160.15","8071.70","8111.10"
"NIFTY OIL & GAS","25 Jul 2023","8023.75","8069.75","8007.25","8060.25"
"NIFTY OIL & GAS","24 Jul 2023","8029.00","8058.05","7995.20","8005.05"
"NIFTY OIL & GAS","21 Jul 2023","8088.50","8096.10","8037.50","8062.15"
"NIFTY OIL & GAS","20 Jul 2023","8062.55","8117.65","8050.15","8103.00"
"NIFTY OIL & GAS","19 Jul 2023","8020.90","8065.40","7987.35","8050.70"
"NIFTY OIL & GAS","18 Jul 2023","8021.95","8048.25","7978.65","7998.20"
"NIFTY OIL & GAS","17 Jul 2023","7945.85","8014.40","7930.85","7984.65"
"NIFTY OIL & GAS","14 Jul 2023","7925.30","7957.40","7870.05","7933.50"
"NIFTY OIL & GAS","13 Jul 2023","8027.95","8032.95","7884.00","7897.55"
"NIFTY OIL & GAS","12 Jul 2023","7992.45","8061.40","7982.55","7990.95"
"NIFTY OIL & GAS","11 Jul 2023","7939.20","7987.20","7922.15","7977.15"
"NIFTY OIL & GAS","10 Jul 2023","7935.20","7953.40","7883.55","7903.25"
"NIFTY OIL & GAS","07 Jul 2023","7857.45","7942.20","7830.15","7857.00"
"NIFTY OIL & GAS","06 Jul 2023","7711.75","7868.25","7710.75","7864.00"
"NIFTY OIL & GAS","05 Jul 2023","7688.00","7724.85","7647.25","7718.20"
"NIFTY OIL & GAS","04 Jul 2023","7728.55","7732.85","7632.90","7653.80"
"NIFTY OIL & GAS","03 Jul 2023","7568.10","7713.35","7560.55","7705.90"
"NIFTY OIL & GAS","30 Jun 2023","7532.75","7545.05","7500.65","7535.70"
"NIFTY OIL & GAS","28 Jun 2023","7461.00","7499.90","7438.90","7486.60"
"NIFTY OIL & GAS","27 Jun 2023","7456.15","7471.85","7413.75","7428.95"
"NIFTY OIL & GAS","26 Jun 2023","7426.75","7459.35","7404.60","7429.35"
"NIFTY OIL & GAS","23 Jun 2023","7538.95","7541.15","7427.65","7434.25"
"NIFTY OIL & GAS","22 Jun 2023","7600.95","7631.45","7539.45","7548.15"
"NIFTY OIL & GAS","21 Jun 2023","7581.40","7614.65","7556.35","7607.90"
"NIFTY OIL & GAS","20 Jun 2023","7564.05","7585.65","7526.95","7576.05"
"NIFTY OIL & GAS","19 Jun 2023","7633.55","7637.40","7559.40","7571.70"
"NIFTY OIL & GAS","16 Jun 2023","7618.55","7630.60","7592.30","7612.45"
"NIFTY OIL & GAS","15 Jun 2023","7598.10","7617.25","7575.35","7601.60"
"NIFTY OIL & GAS","14 Jun 2023","7530.45","7605.25","7524.60","7590.80"
"NIFTY OIL & GAS","13 Jun 2023","7502.85","7527.55","7486.25","7522.05"
"NIFTY OIL & GAS","12 Jun 2023","7414.20","7479.45","7394.45","7468.60"
"NIFTY OIL & GAS","09 Jun 2023","7461.70","7466.30","7401.30","7405.50"
"NIFTY OIL & GAS","08 Jun 2023","7480.05","7490.00","7432.90","7441.15"
"NIFTY OIL & GAS","07 Jun 2023","7411.85","7477.75","7396.15","7470.40"
"NIFTY OIL & GAS","06 Jun 2023","7412.95","7418.85","7356.40","7392.20"
"NIFTY OIL & GAS","05 Jun 2023","7402.60","7410.90","7367.75","7391.15"
"NIFTY OIL & GAS","02 Jun 2023","7447.75","7455.10","7360.65","7372.60"
"NIFTY OIL & GAS","01 Jun 2023","7436.50","7478.00","7407.20","7422.45"
"NIFTY OIL & GAS","31 May 2023","7496.50","7509.95","7394.30","7432.15"
"NIFTY OIL & GAS","30 May 2023","7548.50","7582.50","7521.30","7526.90"
"NIFTY OIL & GAS","29 May 2023","7562.30","7576.75","7520.80","7540.35"
"NIFTY OIL & GAS","26 May 2023","7575.65","7593.05","7546.20","7581.45"
"NIFTY OIL & GAS","25 May 2023","7549.60","7564.15","7492.80","7543.00"
"NIFTY OIL & GAS","24 May 2023","7552.35","7591.95","7540.40","7551.65"
"NIFTY OIL & GAS","23 May 2023","7531.95","7571.75","7524.85","7542.55"
"NIFTY OIL & GAS","22 May 2023","7435.25","7499.20","7420.60","7488.70"
"NIFTY OIL & GAS","19 May 2023","7413.30","7441.90","7347.70","7430.75"
"NIFTY OIL & GAS","18 May 2023","7528.75","7538.75","7426.50","7435.85"
"NIFTY OIL & GAS","17 May 2023","7570.80","7572.50","7491.05","7518.45"
"NIFTY OIL & GAS","16 May 2023","7599.10","7622.95","7546.75","7554.40"
"NIFTY OIL & GAS","15 May 2023","7580.10","7590.95","7530.10","7568.05"
"NIFTY OIL & GAS","12 May 2023","7606.00","7612.35","7547.45","7568.40"
"NIFTY OIL & GAS","11 May 2023","7650.30","7686.40","7629.65","7636.50"
"NIFTY OIL & GAS","10 May 2023","7594.95","7640.30","7570.45","7634.55"
"NIFTY OIL & GAS","09 May 2023","7554.80","7618.25","7552.50","7573.75"
"NIFTY OIL & GAS","08 May 2023","7503.45","7568.95","7494.90","7559.80"
"NIFTY OIL & GAS","05 May 2023","7544.00","7567.75","7499.10","7508.60"
"NIFTY OIL & GAS","04 May 2023","7517.60","7557.05","7491.70","7548.65"
"NIFTY OIL & GAS","03 May 2023","7580.80","7583.45","7514.75","7520.10"
"NIFTY OIL & GAS","02 May 2023","7528.00","7595.45","7523.40","7578.40"
"NIFTY OIL & GAS","28 Apr 2023","7446.75","7498.80","7381.20","7491.80"
"NIFTY OIL & GAS","27 Apr 2023","7411.00","7435.05","7394.60","7428.20"
"NIFTY OIL & GAS","26 Apr 2023","7407.85","7418.15","7364.95","7402.35"
"NIFTY OIL & GAS","25 Apr 2023","7363.70","7419.45","7354.50","7404.70"
"NIFTY OIL & GAS","24 Apr 2023","7366.60","7379.35","7336.20","7352.40"
"NIFTY OIL & GAS","21 Apr 2023","7339.55","7350.90","7307.60","7336.40"
"NIFTY OIL & GAS","20 Apr 2023","7358.15","7365.55","7309.05","7326.85"
"NIFTY OIL & GAS","19 Apr 2023","7317.30","7351.10","7298.85","7344.60"
"NIFTY OIL & GAS","18 Apr 2023","7361.90","7367.50","7301.35","7328.90"
"NIFTY OIL & GAS","17 Apr 2023","7359.00","7359.00","7273.90","7348.65"
"NIFTY OIL & GAS","13 Apr 2023","7324.55","7332.80","7260.40","7279.20"
"NIFTY OIL & GAS","12 Apr 2023","7314.15","7327.55","7273.30","7301.65"
"NIFTY OIL & GAS","11 Apr 2023","7244.50","7294.20","7238.65","7288.35"
"NIFTY OIL & GAS","10 Apr 2023","7193.05","7246.15","7185.10","7221.20"
"NIFTY OIL & GAS","06 Apr 2023","7133.35","7180.65","7115.15","7166.15"
"NIFTY OIL & GAS","05 Apr 2023","7172.10","7173.40","7087.90","7120.05"
"NIFTY OIL & GAS","03 Apr 2023","7179.55","7187.15","7103.65","7117.45"
"NIFTY OIL & GAS","31 Mar 2023","7080.10","7201.35","7076.85","7148.85"
"NIFTY OIL & GAS","29 Mar 2023","7001.10","7053.25","6973.70","7026.50"
"NIFTY OIL & GAS","28 Mar 2023","7053.65","7059.15","6990.15","7031.45"
"NIFTY OIL & GAS","27 Mar 2023","7082.50","7121.95","7051.40","7064.35"
"NIFTY OIL & GAS","24 Mar 2023","7180.30","7189.80","7052.55","7068.10"
"NIFTY OIL & GAS","23 Mar 2023","7168.75","7198.95","7144.45","7169.90"
"NIFTY OIL & GAS","22 Mar 2023","7203.60","7208.00","7163.70","7178.90"
"NIFTY OIL & GAS","21 Mar 2023","7118.55","7176.45","7082.50","7169.20"
"NIFTY OIL & GAS","20 Mar 2023","7105.40","7112.90","7048.25","7079.10"
"NIFTY OIL & GAS","17 Mar 2023","7169.15","7188.00","7089.65","7117.45"
"NIFTY OIL & GAS","16 Mar 2023","7074.70","7168.80","7015.85","7114.35"
"NIFTY OIL & GAS","15 Mar 2023","7133.90","7148.95","7058.35","7076.50"
"NIFTY OIL & GAS","14 Mar 2023","7145.05","7181.90","7102.05","7117.30"
"NIFTY OIL & GAS","13 Mar 2023","7259.35","7286.35","7144.45","7164.30"
"NIFTY OIL & GAS","10 Mar 2023","7206.40","7234.70","7152.45","7225.60"
"NIFTY OIL & GAS","09 Mar 2023","7334.50","7336.65","7230.45","7239.90"
"NIFTY OIL & GAS","08 Mar 2023","7248.90","7311.25","7225.65","7306.60"
"NIFTY OIL & GAS","06 Mar 2023","7153.40","7278.40","7149.35","7247.75"
"NIFTY OIL & GAS","03 Mar 2023","7074.70","7132.75","7063.55","7111.25"
"NIFTY OIL & GAS","02 Mar 2023","7008.50","7045.55","6996.35","7017.65"
"NIFTY OIL & GAS","01 Mar 2023","6949.20","7019.70","6937.85","7015.20"
"NIFTY OIL & GAS","28 Feb 2023","6996.20","7013.30","6922.85","6941.65"
"NIFTY OIL & GAS","27 Feb 2023","7045.55","7055.65","6987.70","7036.00"
"NIFTY OIL & GAS","24 Feb 2023","7018.05","7078.50","6999.75","7067.75"
"NIFTY OIL & GAS","23 Feb 2023","7022.40","7052.65","6979.45","7013.80"
"NIFTY OIL & GAS","22 Feb 2023","7084.80","7091.80","7009.40","7025.85"
"NIFTY OIL & GAS","21 Feb 2023","7150.60","7164.30","7117.90","7125.00"
"NIFTY OIL & GAS","20 Feb 2023","7227.25","7232.90","7137.80","7149.15"
"NIFTY OIL & GAS","17 Feb 2023","7192.65","7241.35","7176.55","7231.65"
"NIFTY OIL & GAS","16 Feb 2023","7212.70","7282.80","7195.40","7220.75"
"NIFTY OIL & GAS","15 Feb 2023","7136.45","7204.10","7130.25","7194.35"
"NIFTY OIL & GAS","14 Feb 2023","7117.25","7179.20","7089.85","7171.55"
"NIFTY OIL & GAS","13 Feb 2023","7158.75","7172.75","7106.95","7137.95"
"NIFTY OIL & GAS","10 Feb 2023","7178.85","7183.15","7136.90","7169.15"
"NIFTY OIL & GAS","09 Feb 2023","7202.70","7226.40","7151.40","7209.90"
"NIFTY OIL & GAS","08 Feb 2023","7168.75","7239.00","7139.40","7232.75"
"NIFTY OIL & GAS","07 Feb 2023","7179.75","7210.05","7155.95","7187.65"
"NIFTY OIL & GAS","06 Feb 2023","7150.50","7211.60","7140.60","7206.30"
"NIFTY OIL & GAS","03 Feb 2023","7280.80","7280.90","7147.35","7220.80"
"NIFTY OIL & GAS","02 Feb 2023","7307.20","7332.35","7248.75","7285.65"
"NIFTY OIL & GAS","01 Feb 2023","7552.75","7578.20","7343.60","7432.30"
"NIFTY OIL & GAS","31 Jan 2023","7623.95","7638.50","7570.80","7586.30"
"NIFTY OIL & GAS","30 Jan 2023","7757.45","7777.30","7600.70","7672.50"
"NIFTY OIL & GAS","27 Jan 2023","8353.90","8358.60","7885.65","7956.30"
"NIFTY OIL & GAS","25 Jan 2023","8572.05","8597.10","8395.05","8428.20"
"NIFTY OIL & GAS","24 Jan 2023","8669.60","8671.35","8561.85","8599.35"
"NIFTY OIL & GAS","23 Jan 2023","8632.50","8668.95","8610.65","8632.75"
"NIFTY OIL & GAS","20 Jan 2023","8589.70","8618.55","8537.00","8596.20"
"NIFTY OIL & GAS","19 Jan 2023","8525.35","8603.75","8509.75","8584.55"
"NIFTY OIL & GAS","18 Jan 2023","8553.40","8585.45","8520.30","8545.30"
"NIFTY OIL & GAS","17 Jan 2023","8487.25","8578.65","8442.85","8551.45"
"NIFTY OIL & GAS","16 Jan 2023","8491.05","8504.00","8402.65","8462.65"
"NIFTY OIL & GAS","13 Jan 2023","8431.50","8491.45","8391.05","8479.30"
"NIFTY OIL & GAS","12 Jan 2023","8540.90","8548.85","8389.35","8445.55"
"NIFTY OIL & GAS","11 Jan 2023","8573.65","8588.60","8508.45","8532.75"
"NIFTY OIL & GAS","10 Jan 2023","8593.70","8603.85","8472.30","8569.85"
"NIFTY OIL & GAS","09 Jan 2023","8521.40","8598.60","8512.00","8573.45"
"NIFTY OIL & GAS","06 Jan 2023","8477.10","8501.80","8417.70","8455.65"
"NIFTY OIL & GAS","05 Jan 2023","8372.05","8487.25","8330.30","8461.35"
"NIFTY OIL & GAS","04 Jan 2023","8472.80","8475.25","8321.90","8339.20"
"NIFTY OIL & GAS","03 Jan 2023","8456.20","8489.15","8421.25","8471.25"
"NIFTY OIL & GAS","02 Jan 2023","8457.80","8508.40","8426.10","8464.05"
"NIFTY OIL & GAS","30 Dec 2022","8487.30","8570.65","8409.55","8438.25"
"NIFTY OIL & GAS","29 Dec 2022","8281.80","8524.00","8252.35","8434.65"
"NIFTY OIL & GAS","28 Dec 2022","8203.75","8347.85","8187.70","8333.65"
"NIFTY OIL & GAS","27 Dec 2022","8180.80","8246.30","8137.75","8230.25"
"NIFTY OIL & GAS","26 Dec 2022","8035.45","8195.55","7930.60","8148.35"
"NIFTY OIL & GAS","23 Dec 2022","8273.60","8322.25","7978.65","8021.30"
"NIFTY OIL & GAS","22 Dec 2022","8440.55","8462.85","8267.35","8345.55"
"NIFTY OIL & GAS","21 Dec 2022","8577.75","8615.35","8367.40","8411.65"
"NIFTY OIL & GAS","20 Dec 2022","8532.30","8578.05","8444.45","8566.00"
"NIFTY OIL & GAS","19 Dec 2022","8510.75","8555.60","8460.70","8545.60"
"NIFTY OIL & GAS","16 Dec 2022","8523.70","8610.35","8468.50","8484.60"
"NIFTY OIL & GAS","15 Dec 2022","8534.30","8589.65","8505.75","8525.55"
"NIFTY OIL & GAS","14 Dec 2022","8560.35","8620.90","8516.55","8543.85"
"NIFTY OIL & GAS","13 Dec 2022","8565.55","8574.15","8515.25","8539.90"
"NIFTY OIL & GAS","12 Dec 2022","8436.45","8557.05","8394.50","8545.05"
"NIFTY OIL & GAS","09 Dec 2022","8566.90","8589.70","8434.30","8456.30"
"NIFTY OIL & GAS","08 Dec 2022","8583.65","8594.85","8529.15","8550.00"
"NIFTY OIL & GAS","07 Dec 2022","8562.95","8608.25","8516.80","8541.85"
"NIFTY OIL & GAS","06 Dec 2022","8519.25","8564.80","8493.70","8554.35"
"NIFTY OIL & GAS","05 Dec 2022","8577.05","8582.70","8457.55","8535.90"
"NIFTY OIL & GAS","02 Dec 2022","8600.05","8643.05","8536.25","8566.35"
"NIFTY OIL & GAS","01 Dec 2022","8646.80","8664.05","8543.15","8561.75"
"NIFTY OIL & GAS","30 Nov 2022","8534.20","8632.60","8508.80","8609.60"
"NIFTY OIL & GAS","29 Nov 2022","8550.25","8585.00","8507.65","8538.45"
"NIFTY OIL & GAS","28 Nov 2022","8394.15","8617.05","8295.40","8549.95"
"NIFTY OIL & GAS","25 Nov 2022","8364.05","8431.20","8316.00","8415.10"
"NIFTY OIL & GAS","24 Nov 2022","8262.60","8358.40","8255.25","8345.65"
"NIFTY OIL & GAS","23 Nov 2022","8233.10","8279.10","8204.95","8254.60"
"NIFTY OIL & GAS","22 Nov 2022","8200.05","8227.60","8139.85","8210.60"
"NIFTY OIL & GAS","21 Nov 2022","8204.05","8215.70","8136.15","8201.85"
"NIFTY OIL & GAS","18 Nov 2022","8295.85","8302.30","8156.95","8211.90"
"NIFTY OIL & GAS","17 Nov 2022","8291.55","8342.20","8248.90","8271.50"
"NIFTY OIL & GAS","16 Nov 2022","8366.75","8372.95","8261.05","8303.80"
"NIFTY OIL & GAS","15 Nov 2022","8329.65","8381.35","8289.75","8366.55"
"NIFTY OIL & GAS","14 Nov 2022","8299.05","8327.05","8262.20","8305.75"
"NIFTY OIL & GAS","11 Nov 2022","8241.20","8304.20","8218.90","8295.15"
"NIFTY OIL & GAS","10 Nov 2022","8215.60","8245.75","8148.50","8178.15"
"NIFTY OIL & GAS","09 Nov 2022","8291.25","8306.60","8211.65","8241.05"
"NIFTY OIL & GAS","07 Nov 2022","8205.30","8301.50","8164.65","8280.05"
"NIFTY OIL & GAS","04 Nov 2022","8119.45","8213.45","8052.40","8191.10"
"NIFTY OIL & GAS","03 Nov 2022","8083.40","8141.25","8068.80","8121.95"
"NIFTY OIL & GAS","02 Nov 2022","8112.60","8137.85","8076.95","8115.40"
"NIFTY OIL & GAS","01 Nov 2022","8138.00","8138.00","8005.35","8102.20"
"NIFTY OIL & GAS","31 Oct 2022","8005.65","8101.30","7978.05","8076.40"
"NIFTY OIL & GAS","28 Oct 2022","7919.10","8004.60","7900.00","7969.05"
"NIFTY OIL & GAS","27 Oct 2022","7812.70","7923.80","7808.30","7887.95"
"NIFTY OIL & GAS","25 Oct 2022","7780.15","7801.05","7721.00","7782.30"
"NIFTY OIL & GAS","24 Oct 2022","7752.65","7798.15","7743.55","7758.30"
"NIFTY OIL & GAS","21 Oct 2022","7763.05","7775.95","7674.15","7721.85"
"NIFTY OIL & GAS","20 Oct 2022","7608.60","7776.75","7591.65","7750.60"
"NIFTY OIL & GAS","19 Oct 2022","7614.15","7721.55","7583.70","7638.80"
"NIFTY OIL & GAS","18 Oct 2022","7554.15","7614.85","7550.65","7595.25"
"NIFTY OIL & GAS","17 Oct 2022","7443.65","7535.30","7365.20","7511.15"
"NIFTY OIL & GAS","14 Oct 2022","7645.55","7656.70","7444.80","7462.95"
"NIFTY OIL & GAS","13 Oct 2022","7566.95","7588.60","7519.40","7544.90"
"NIFTY OIL & GAS","12 Oct 2022","7524.05","7585.20","7498.95","7571.60"
"NIFTY OIL & GAS","11 Oct 2022","7672.50","7674.00","7507.15","7521.65"
"NIFTY OIL & GAS","10 Oct 2022","7618.25","7659.80","7591.30","7641.00"
"NIFTY OIL & GAS","07 Oct 2022","7725.55","7730.95","7651.20","7687.65"
"NIFTY OIL & GAS","06 Oct 2022","7762.10","7776.95","7723.40","7743.20"
"NIFTY OIL & GAS","04 Oct 2022","7665.65","7708.65","7591.55","7685.20"
"NIFTY OIL & GAS","03 Oct 2022","7701.85","7767.00","7470.15","7543.15"
"NIFTY OIL & GAS","30 Sep 2022","7570.00","7685.70","7561.00","7643.90"
"NIFTY OIL & GAS","29 Sep 2022","7702.65","7741.85","7567.60","7609.20"
"NIFTY OIL & GAS","28 Sep 2022","7631.15","7689.50","7599.35","7623.35"
"NIFTY OIL & GAS","27 Sep 2022","7651.55","7772.45","7640.40","7693.60"
"NIFTY OIL & GAS","26 Sep 2022","7772.25","7818.50","7554.00","7607.95"
"NIFTY OIL & GAS","23 Sep 2022","8003.05","8029.75","7849.25","7862.70"
"NIFTY OIL & GAS","22 Sep 2022","7981.55","8024.75","7904.60","7999.60"
"NIFTY OIL & GAS","21 Sep 2022","8109.65","8153.80","7994.35","8018.00"
"NIFTY OIL & GAS","20 Sep 2022","8105.80","8177.20","8095.30","8112.60"
"NIFTY OIL & GAS","19 Sep 2022","8043.05","8090.80","7974.55","8046.25"
"NIFTY OIL & GAS","16 Sep 2022","8180.50","8193.15","7979.70","8016.75"
"NIFTY OIL & GAS","15 Sep 2022","8228.65","8275.25","8186.55","8202.40"
"NIFTY OIL & GAS","14 Sep 2022","8198.90","8272.10","8187.15","8223.75"
"NIFTY OIL & GAS","13 Sep 2022","8342.95","8353.85","8281.20","8295.85"
"NIFTY OIL & GAS","12 Sep 2022","8280.15","8324.15","8274.70","8308.10"
"NIFTY OIL & GAS","09 Sep 2022","8309.75","8309.75","8231.60","8250.20"
"NIFTY OIL & GAS","08 Sep 2022","8255.90","8298.55","8212.35","8247.35"
"NIFTY OIL & GAS","07 Sep 2022","8183.85","8241.40","8165.35","8223.20"
"NIFTY OIL & GAS","06 Sep 2022","8156.10","8232.65","8126.10","8216.70"
"NIFTY OIL & GAS","05 Sep 2022","8112.70","8160.65","8105.15","8123.00"
"NIFTY OIL & GAS","02 Sep 2022","8229.80","8268.30","8087.15","8121.25"
"NIFTY OIL & GAS","01 Sep 2022","8226.50","8279.05","8180.10","8205.45"
"NIFTY OIL & GAS","30 Aug 2022","8220.70","8391.80","8210.95","8357.75"
"NIFTY OIL & GAS","29 Aug 2022","7996.10","8207.60","7988.10","8169.85"
"NIFTY OIL & GAS","26 Aug 2022","8140.95","8207.85","8139.60","8165.20"
"NIFTY OIL & GAS","25 Aug 2022","8174.55","8208.60","8099.00","8117.80"
"NIFTY OIL & GAS","24 Aug 2022","8112.15","8197.55","8102.90","8148.50"
"NIFTY OIL & GAS","23 Aug 2022","7985.85","8164.45","7975.40","8149.10"
"NIFTY OIL & GAS","22 Aug 2022","8122.05","8131.75","8005.25","8048.25"
"NIFTY OIL & GAS","19 Aug 2022","8274.55","8287.30","8097.50","8136.45"
"NIFTY OIL & GAS","18 Aug 2022","8304.55","8304.60","8231.05","8265.65"
"NIFTY OIL & GAS","17 Aug 2022","8318.90","8352.55","8285.35","8319.85"
"NIFTY OIL & GAS","16 Aug 2022","8218.20","8310.40","8167.35","8302.45"
"NIFTY OIL & GAS","12 Aug 2022","8006.00","8188.80","7997.25","8178.75"
"NIFTY OIL & GAS","11 Aug 2022","8025.70","8050.15","7972.00","7998.85"
"NIFTY OIL & GAS","10 Aug 2022","8034.40","8037.70","7937.35","7985.45"
"NIFTY OIL & GAS","08 Aug 2022","7964.75","8072.30","7893.80","8000.35"
"NIFTY OIL & GAS","05 Aug 2022","8021.05","8037.85","7927.10","7977.80"
"NIFTY OIL & GAS","04 Aug 2022","8020.20","8052.55","7878.80","8005.75"
"NIFTY OIL & GAS","03 Aug 2022","8024.70","8051.30","7804.95","8011.60"
"NIFTY OIL & GAS","02 Aug 2022","7990.20","8043.05","7969.70","8009.05"
"NIFTY OIL & GAS","01 Aug 2022","7864.35","8022.20","7820.55","8007.70"
"NIFTY OIL & GAS","29 Jul 2022","7723.15","7857.40","7705.65","7841.70"
"NIFTY OIL & GAS","28 Jul 2022","7658.75","7684.15","7611.65","7674.60"
"NIFTY OIL & GAS","27 Jul 2022","7557.85","7627.65","7538.25","7616.95"
"NIFTY OIL & GAS","26 Jul 2022","7595.85","7603.15","7534.90","7551.60"
"NIFTY OIL & GAS","25 Jul 2022","7650.40","7651.95","7527.15","7579.80"
"NIFTY OIL & GAS","22 Jul 2022","7728.15","7734.55","7652.45","7684.50"
"NIFTY OIL & GAS","21 Jul 2022","7623.70","7710.50","7600.25","7696.40"
"NIFTY OIL & GAS","20 Jul 2022","7742.65","7752.45","7587.35","7621.35"
"NIFTY OIL & GAS","19 Jul 2022","7523.95","7597.35","7508.65","7544.20"
"NIFTY OIL & GAS","18 Jul 2022","7515.20","7570.45","7488.25","7553.75"
"NIFTY OIL & GAS","15 Jul 2022","7475.10","7493.55","7405.00","7468.95"
"NIFTY OIL & GAS","14 Jul 2022","7352.70","7469.20","7310.70","7427.70"
"NIFTY OIL & GAS","13 Jul 2022","7456.40","7475.95","7315.00","7329.20"
"NIFTY OIL & GAS","12 Jul 2022","7407.20","7514.20","7396.05","7427.45"
"NIFTY OIL & GAS","11 Jul 2022","7303.65","7479.75","7279.40","7451.85"
"NIFTY OIL & GAS","08 Jul 2022","7379.15","7379.15","7275.35","7317.15"
"NIFTY OIL & GAS","07 Jul 2022","7305.10","7344.20","7268.45","7302.50"
"NIFTY OIL & GAS","06 Jul 2022","7238.60","7279.15","7181.05","7254.00"
"NIFTY OIL & GAS","05 Jul 2022","7279.15","7345.55","7238.55","7266.55"
"NIFTY OIL & GAS","04 Jul 2022","7239.10","7289.65","7190.65","7253.80"
"NIFTY OIL & GAS","01 Jul 2022","7560.30","7630.95","7217.70","7283.70"
"NIFTY OIL & GAS","30 Jun 2022","7652.45","7707.20","7577.95","7600.70"
"NIFTY OIL & GAS","29 Jun 2022","7479.00","7640.10","7470.40","7620.70"
"NIFTY OIL & GAS","28 Jun 2022","7361.35","7560.90","7341.30","7544.05"
"NIFTY OIL & GAS","27 Jun 2022","7419.90","7424.85","7358.30","7376.80"
"NIFTY OIL & GAS","24 Jun 2022","7298.30","7355.05","7260.65","7328.80"
"NIFTY OIL & GAS","23 Jun 2022","7296.05","7333.60","7154.10","7245.95"
"NIFTY OIL & GAS","22 Jun 2022","7391.55","7401.40","7236.40","7277.20"
"NIFTY OIL & GAS","21 Jun 2022","7152.50","7453.85","7109.20","7437.85"
"NIFTY OIL & GAS","20 Jun 2022","7343.85","7363.50","7007.65","7094.85"
"NIFTY OIL & GAS","17 Jun 2022","7440.10","7517.35","7272.45","7334.25"
"NIFTY OIL & GAS","16 Jun 2022","7702.60","7755.45","7422.85","7504.25"
"NIFTY OIL & GAS","15 Jun 2022","7736.60","7756.70","7630.05","7649.85"
"NIFTY OIL & GAS","14 Jun 2022","7776.60","7834.55","7689.20","7708.75"
"NIFTY OIL & GAS","13 Jun 2022","7872.40","7896.05","7754.10","7803.25"
"NIFTY OIL & GAS","10 Jun 2022","8100.20","8154.95","8004.35","8017.65"
"NIFTY OIL & GAS","09 Jun 2022","8018.35","8201.50","8009.75","8187.55"
"NIFTY OIL & GAS","08 Jun 2022","8104.70","8139.95","7998.70","8030.00"
"NIFTY OIL & GAS","07 Jun 2022","8030.95","8162.85","7984.40","8104.90"
"NIFTY OIL & GAS","06 Jun 2022","7987.05","8051.75","7918.50","8032.85"
"NIFTY OIL & GAS","03 Jun 2022","8031.40","8077.45","7966.65","7988.95"
"NIFTY OIL & GAS","02 Jun 2022","7793.15","8002.70","7779.80","7975.40"
"NIFTY OIL & GAS","01 Jun 2022","7835.30","7921.80","7762.90","7797.75"
"NIFTY OIL & GAS","31 May 2022","7866.45","7954.95","7796.55","7828.50"
"NIFTY OIL & GAS","30 May 2022","7773.55","7900.55","7751.20","7885.75"
"NIFTY OIL & GAS","27 May 2022","7831.40","7841.10","7622.80","7686.20"
"NIFTY OIL & GAS","26 May 2022","7732.65","7795.20","7552.25","7764.20"
"NIFTY OIL & GAS","25 May 2022","7843.25","7861.45","7688.35","7711.05"
"NIFTY OIL & GAS","24 May 2022","7876.50","7901.40","7774.95","7805.15"
"NIFTY OIL & GAS","23 May 2022","7983.15","8037.50","7818.55","7835.35"
"NIFTY OIL & GAS","20 May 2022","7858.45","7989.20","7837.30","7963.30"
"NIFTY OIL & GAS","19 May 2022","7763.20","7816.70","7725.05","7745.40"
"NIFTY OIL & GAS","18 May 2022","7976.30","8011.35","7910.50","7924.45"
"NIFTY OIL & GAS","17 May 2022","7751.50","7981.30","7735.25","7963.40"
"NIFTY OIL & GAS","16 May 2022","7672.15","7762.40","7609.40","7680.95"
"NIFTY OIL & GAS","13 May 2022","7716.75","7833.75","7610.75","7646.65"
"NIFTY OIL & GAS","12 May 2022","7680.75","7711.95","7523.00","7619.00"
"NIFTY OIL & GAS","11 May 2022","7741.05","7849.00","7643.65","7723.50"
"NIFTY OIL & GAS","10 May 2022","7854.00","7930.10","7683.90","7725.80"
"NIFTY OIL & GAS","09 May 2022","7975.70","8026.40","7864.35","7906.85"
"NIFTY OIL & GAS","06 May 2022","7978.50","8088.25","7946.55","8072.30"
"NIFTY OIL & GAS","05 May 2022","8146.00","8255.20","8069.00","8089.60"
"NIFTY OIL & GAS","04 May 2022","8194.90","8246.65","8069.80","8111.50"
"NIFTY OIL & GAS","02 May 2022","8140.80","8222.70","8122.60","8187.55"
"NIFTY OIL & GAS","29 Apr 2022","8455.15","8455.25","8153.85","8194.90"
"NIFTY OIL & GAS","28 Apr 2022","8389.00","8422.50","8336.55","8386.10"
"NIFTY OIL & GAS","27 Apr 2022","8333.00","8378.15","8249.45","8285.45"
"NIFTY OIL & GAS","26 Apr 2022","8296.75","8396.10","8256.15","8370.45"
"NIFTY OIL & GAS","25 Apr 2022","8350.15","8359.05","8185.65","8216.60"
"NIFTY OIL & GAS","22 Apr 2022","8438.05","8490.45","8396.15","8420.45"
"NIFTY OIL & GAS","21 Apr 2022","8487.25","8524.10","8433.55","8488.25"
"NIFTY OIL & GAS","20 Apr 2022","8323.20","8440.60","8305.40","8420.60"
"NIFTY OIL & GAS","19 Apr 2022","8263.95","8420.45","8209.80","8260.25"
"NIFTY OIL & GAS","18 Apr 2022","8198.25","8226.70","8139.05","8198.70"
"NIFTY OIL & GAS","13 Apr 2022","8228.25","8261.55","8185.65","8223.25"
"NIFTY OIL & GAS","12 Apr 2022","8353.00","8378.25","8132.40","8163.65"
"NIFTY OIL & GAS","11 Apr 2022","8226.30","8371.40","8219.15","8361.90"
"NIFTY OIL & GAS","08 Apr 2022","8110.75","8223.50","8108.75","8209.80"
"NIFTY OIL & GAS","07 Apr 2022","8222.00","8289.00","8070.10","8081.15"
"NIFTY OIL & GAS","06 Apr 2022","8152.60","8277.95","8151.30","8266.35"
"NIFTY OIL & GAS","05 Apr 2022","8169.60","8218.25","8137.75","8193.95"
"NIFTY OIL & GAS","04 Apr 2022","8069.30","8158.15","8057.10","8150.05"
"NIFTY OIL & GAS","01 Apr 2022","7896.60","8072.55","7884.70","8047.85"
"NIFTY OIL & GAS","31 Mar 2022","7849.80","7943.55","7838.95","7866.25"
"NIFTY OIL & GAS","30 Mar 2022","7872.50","7920.05","7825.60","7853.65"
"NIFTY OIL & GAS","29 Mar 2022","7943.80","7943.80","7835.90","7882.70"
"NIFTY OIL & GAS","28 Mar 2022","7882.45","7953.50","7822.60","7900.00"
"NIFTY OIL & GAS","25 Mar 2022","7851.90","7894.20","7815.85","7829.60"
"NIFTY OIL & GAS","24 Mar 2022","7726.55","7829.75","7700.05","7817.40"
"NIFTY OIL & GAS","23 Mar 2022","7723.10","7775.05","7707.00","7730.10"
"NIFTY OIL & GAS","22 Mar 2022","7603.75","7706.70","7592.70","7697.35"
"NIFTY OIL & GAS","21 Mar 2022","7574.15","7624.15","7539.25","7555.85"
"NIFTY OIL & GAS","17 Mar 2022","7517.10","7622.35","7478.95","7604.50"
"NIFTY OIL & GAS","16 Mar 2022","7375.70","7473.70","7349.20","7461.65"
"NIFTY OIL & GAS","15 Mar 2022","7495.40","7500.80","7280.90","7313.40"
"NIFTY OIL & GAS","14 Mar 2022","7526.50","7546.95","7446.80","7502.35"
"NIFTY OIL & GAS","11 Mar 2022","7455.45","7550.55","7448.05","7542.05"
"NIFTY OIL & GAS","10 Mar 2022","7451.15","7493.65","7390.00","7479.95"
"NIFTY OIL & GAS","09 Mar 2022","7395.30","7453.20","7350.40","7403.95"
"NIFTY OIL & GAS","08 Mar 2022","7367.65","7434.50","7214.50","7326.90"
"NIFTY OIL & GAS","07 Mar 2022","7332.70","7404.75","7275.15","7378.75"
"NIFTY OIL & GAS","04 Mar 2022","7452.70","7478.05","7344.15","7388.00"
"NIFTY OIL & GAS","03 Mar 2022","7472.45","7502.40","7406.95","7463.00"
"NIFTY OIL & GAS","02 Mar 2022","7264.60","7411.45","7222.40","7355.85"
"NIFTY OIL & GAS","28 Feb 2022","7016.95","7286.35","6996.90","7268.35"
"NIFTY OIL & GAS","25 Feb 2022","7063.00","7145.00","7049.40","7082.90"
"NIFTY OIL & GAS","24 Feb 2022","7158.70","7218.60","6943.65","6960.15"
"NIFTY OIL & GAS","23 Feb 2022","7386.45","7425.45","7321.85","7340.55"
"NIFTY OIL & GAS","22 Feb 2022","7296.35","7357.20","7249.95","7346.00"
"NIFTY OIL & GAS","21 Feb 2022","7530.65","7537.15","7400.80","7411.05"
"NIFTY OIL & GAS","18 Feb 2022","7618.25","7652.20","7546.50","7558.45"
"NIFTY OIL & GAS","17 Feb 2022","7619.25","7673.15","7589.15","7641.15"
"NIFTY OIL & GAS","16 Feb 2022","7573.50","7649.10","7549.35","7584.15"
"NIFTY OIL & GAS","15 Feb 2022","7435.35","7561.60","7337.25","7548.95"
"NIFTY OIL & GAS","14 Feb 2022","7490.75","7556.15","7397.00","7420.85"
"NIFTY OIL & GAS","11 Feb 2022","7570.50","7619.85","7541.55","7601.30"
"NIFTY OIL & GAS","10 Feb 2022","7609.70","7629.35","7535.85","7610.25"
"NIFTY OIL & GAS","09 Feb 2022","7601.35","7631.65","7565.55","7577.45"
"NIFTY OIL & GAS","08 Feb 2022","7637.30","7654.20","7513.25","7595.75"
"NIFTY OIL & GAS","07 Feb 2022","7669.95","7686.00","7578.00","7615.05"
"NIFTY OIL & GAS","04 Feb 2022","7678.65","7695.70","7613.65","7626.50"
"NIFTY OIL & GAS","03 Feb 2022","7733.90","7757.15","7629.80","7653.10"
"NIFTY OIL & GAS","02 Feb 2022","7756.05","7767.65","7709.50","7739.45"
"NIFTY OIL & GAS","01 Feb 2022","7795.15","7795.15","7615.60","7698.85"
"NIFTY OIL & GAS","31 Jan 2022","7735.40","7833.95","7724.25","7754.60"
"NIFTY OIL & GAS","28 Jan 2022","7658.60","7784.35","7624.15","7641.35"
"NIFTY OIL & GAS","27 Jan 2022","7604.90","7639.65","7538.80","7599.80"
"NIFTY OIL & GAS","25 Jan 2022","7490.15","7663.75","7410.35","7640.85"
"NIFTY OIL & GAS","24 Jan 2022","7776.50","7817.30","7515.00","7573.00"
"NIFTY OIL & GAS","21 Jan 2022","7808.85","7858.35","7687.65","7766.90"
"NIFTY OIL & GAS","20 Jan 2022","7906.65","7922.15","7804.80","7856.35"
"NIFTY OIL & GAS","19 Jan 2022","7896.30","7965.35","7872.50","7928.05"
"NIFTY OIL & GAS","18 Jan 2022","7976.75","8000.10","7873.00","7885.50"
"NIFTY OIL & GAS","17 Jan 2022","7935.05","7982.00","7911.90","7949.60"
"NIFTY OIL & GAS","14 Jan 2022","7908.70","7941.15","7867.70","7902.05"
"NIFTY OIL & GAS","13 Jan 2022","7878.80","7924.95","7839.15","7915.40"
"NIFTY OIL & GAS","12 Jan 2022","7810.35","7874.10","7787.70","7867.95"
"NIFTY OIL & GAS","11 Jan 2022","7753.75","7781.50","7718.10","7755.30"
"NIFTY OIL & GAS","10 Jan 2022","7741.85","7761.70","7700.25","7733.90"
"NIFTY OIL & GAS","07 Jan 2022","7642.70","7724.35","7637.55","7703.75"
"NIFTY OIL & GAS","06 Jan 2022","7601.85","7617.15","7533.60","7608.10"
"NIFTY OIL & GAS","05 Jan 2022","7530.70","7633.85","7521.65","7623.95"
"NIFTY OIL & GAS","04 Jan 2022","7466.30","7539.85","7452.00","7532.30"
"NIFTY OIL & GAS","03 Jan 2022","7327.75","7441.75","7327.75","7432.60"
"NIFTY OIL & GAS","31 Dec 2021","7297.10","7375.30","7287.55","7348.80"
"NIFTY OIL & GAS","30 Dec 2021","7349.10","7365.40","7252.10","7272.45"
"NIFTY OIL & GAS","29 Dec 2021","7388.90","7419.15","7341.65","7371.60"
"NIFTY OIL & GAS","28 Dec 2021","7350.10","7402.35","7339.65","7389.35"
"NIFTY OIL & GAS","27 Dec 2021","7258.30","7317.95","7206.20","7308.70"
"NIFTY OIL & GAS","24 Dec 2021","7374.70","7379.55","7246.00","7294.40"
"NIFTY OIL & GAS","23 Dec 2021","7349.40","7379.10","7316.00","7362.55"
"NIFTY OIL & GAS","22 Dec 2021","7213.50","7306.25","7175.10","7279.60"
"NIFTY OIL & GAS","21 Dec 2021","7133.95","7260.55","7107.80","7173.05"
"NIFTY OIL & GAS","20 Dec 2021","7275.65","7279.95","7067.90","7113.80"
"NIFTY OIL & GAS","17 Dec 2021","7541.35","7554.60","7348.90","7381.25"
"NIFTY OIL & GAS","16 Dec 2021","7623.95","7626.65","7540.60","7570.85"
"NIFTY OIL & GAS","15 Dec 2021","7608.90","7632.75","7539.05","7551.70"
"NIFTY OIL & GAS","14 Dec 2021","7541.65","7622.35","7524.90","7612.95"
"NIFTY OIL & GAS","13 Dec 2021","7759.65","7764.75","7555.85","7584.15"
"NIFTY OIL & GAS","10 Dec 2021","7596.85","7701.35","7593.45","7689.55"
"NIFTY OIL & GAS","09 Dec 2021","7609.45","7653.65","7561.60","7637.90"
"NIFTY OIL & GAS","08 Dec 2021","7540.55","7609.10","7533.75","7559.45"
"NIFTY OIL & GAS","07 Dec 2021","7421.25","7498.85","7403.65","7469.90"
"NIFTY OIL & GAS","06 Dec 2021","7498.70","7503.75","7336.30","7362.05"
"NIFTY OIL & GAS","03 Dec 2021","7592.55","7617.80","7465.10","7482.60"
"NIFTY OIL & GAS","02 Dec 2021","7463.70","7572.50","7459.50","7562.05"
"NIFTY OIL & GAS","01 Dec 2021","7446.00","7473.90","7402.65","7459.75"
"NIFTY OIL & GAS","30 Nov 2021","7418.00","7561.55","7354.20","7390.10"
"NIFTY OIL & GAS","29 Nov 2021","7447.85","7509.95","7336.75","7406.30"
"NIFTY OIL & GAS","26 Nov 2021","7648.45","7675.05","7454.90","7478.70"
"NIFTY OIL & GAS","25 Nov 2021","7644.60","7768.65","7593.30","7748.75"
"NIFTY OIL & GAS","24 Nov 2021","7601.85","7686.60","7582.30","7606.40"
"NIFTY OIL & GAS","23 Nov 2021","7422.50","7588.65","7400.55","7570.45"
"NIFTY OIL & GAS","22 Nov 2021","7687.40","7705.25","7454.65","7493.80"
"NIFTY OIL & GAS","18 Nov 2021","7799.95","7810.95","7721.55","7753.80"
"NIFTY OIL & GAS","17 Nov 2021","7888.80","7894.60","7789.00","7808.55"
"NIFTY OIL & GAS","16 Nov 2021","8033.70","8044.05","7891.20","7924.15"
"NIFTY OIL & GAS","15 Nov 2021","8066.15","8106.55","8017.70","8033.65"
"NIFTY OIL & GAS","12 Nov 2021","8011.45","8050.95","7982.40","8029.00"
"NIFTY OIL & GAS","11 Nov 2021","7979.30","8008.50","7952.35","7972.95"
"NIFTY OIL & GAS","10 Nov 2021","7963.00","8041.55","7943.05","8023.00"
"NIFTY OIL & GAS","09 Nov 2021","7931.90","7974.00","7904.60","7963.00"
"NIFTY OIL & GAS","08 Nov 2021","7796.50","7908.20","7738.05","7897.20"
"NIFTY OIL & GAS","04 Nov 2021","7756.30","7770.25","7745.80","7758.35"
"NIFTY OIL & GAS","03 Nov 2021","7727.70","7794.25","7676.10","7716.95"
"NIFTY OIL & GAS","02 Nov 2021","7810.35","7816.55","7715.65","7720.50"
"NIFTY OIL & GAS","01 Nov 2021","7736.85","7799.70","7688.75","7783.80"
"NIFTY OIL & GAS","29 Oct 2021","7711.55","7797.70","7645.25","7704.30"
"NIFTY OIL & GAS","28 Oct 2021","7871.10","7927.45","7731.25","7755.30"
"NIFTY OIL & GAS","27 Oct 2021","7989.55","8026.75","7910.10","7926.70"
"NIFTY OIL & GAS","26 Oct 2021","7915.40","7999.95","7893.95","7988.05"
"NIFTY OIL & GAS","25 Oct 2021","8008.95","8014.65","7812.80","7891.05"
"NIFTY OIL & GAS","22 Oct 2021","7986.00","8013.15","7890.85","7928.10"
"NIFTY OIL & GAS","21 Oct 2021","8078.25","8084.00","7920.60","7959.55"
"NIFTY OIL & GAS","20 Oct 2021","8143.85","8147.35","7959.65","7995.90"
"NIFTY OIL & GAS","19 Oct 2021","8260.05","8266.60","8111.70","8129.85"
"NIFTY OIL & GAS","18 Oct 2021","8237.30","8284.75","8203.40","8216.85"
"NIFTY OIL & GAS","14 Oct 2021","8148.80","8195.65","8140.70","8155.45"
"NIFTY OIL & GAS","13 Oct 2021","8127.25","8168.55","8087.90","8133.25"
"NIFTY OIL & GAS","12 Oct 2021","8087.70","8111.60","8030.50","8100.80"
"NIFTY OIL & GAS","11 Oct 2021","8110.05","8168.60","8080.25","8086.55"
"NIFTY OIL & GAS","08 Oct 2021","8058.10","8090.30","7969.55","8060.65"
"NIFTY OIL & GAS","07 Oct 2021","8097.35","8098.85","7980.20","7995.80"
"NIFTY OIL & GAS","06 Oct 2021","8092.50","8161.45","7990.65","8017.70"
"NIFTY OIL & GAS","05 Oct 2021","7847.15","8043.25","7837.85","8036.00"
"NIFTY OIL & GAS","04 Oct 2021","7851.90","7856.80","7799.50","7819.30"
"NIFTY OIL & GAS","01 Oct 2021","7769.60","7863.40","7753.00","7797.00"
"NIFTY OIL & GAS","30 Sep 2021","7795.20","7807.50","7716.25","7774.40"
"NIFTY OIL & GAS","29 Sep 2021","7720.50","7804.15","7658.45","7777.45"
"NIFTY OIL & GAS","28 Sep 2021","7657.65","7746.70","7643.20","7726.10"
"NIFTY OIL & GAS","27 Sep 2021","7555.80","7634.30","7545.95","7624.55"
"NIFTY OIL & GAS","24 Sep 2021","7602.10","7613.40","7497.25","7525.70"
"NIFTY OIL & GAS","23 Sep 2021","7490.15","7577.60","7488.45","7567.10"
"NIFTY OIL & GAS","22 Sep 2021","7415.50","7472.15","7406.15","7440.10"
"NIFTY OIL & GAS","21 Sep 2021","7351.95","7437.45","7330.40","7416.45"
"NIFTY OIL & GAS","20 Sep 2021","7348.30","7471.10","7327.35","7351.65"
"NIFTY OIL & GAS","17 Sep 2021","7586.75","7602.05","7423.10","7446.85"
"NIFTY OIL & GAS","16 Sep 2021","7472.65","7560.35","7468.20","7554.05"
"NIFTY OIL & GAS","15 Sep 2021","7415.35","7501.05","7415.30","7463.70"
"NIFTY OIL & GAS","14 Sep 2021","7389.40","7430.70","7384.50","7401.15"
"NIFTY OIL & GAS","13 Sep 2021","7389.70","7403.45","7313.20","7367.05"
"NIFTY OIL & GAS","09 Sep 2021","7364.25","7432.25","7339.80","7391.65"
"NIFTY OIL & GAS","08 Sep 2021","7316.90","7386.10","7296.75","7376.00"
"NIFTY OIL & GAS","07 Sep 2021","7388.75","7406.45","7321.00","7338.60"
"NIFTY OIL & GAS","06 Sep 2021","7449.10","7490.90","7373.35","7388.40"
"NIFTY OIL & GAS","03 Sep 2021","7266.10","7412.35","7245.55","7404.40"
"NIFTY OIL & GAS","02 Sep 2021","7169.30","7243.65","7168.15","7225.15"
"NIFTY OIL & GAS","01 Sep 2021","7244.45","7256.50","7191.55","7205.40"
"NIFTY OIL & GAS","31 Aug 2021","7132.60","7186.95","7085.25","7174.70"
"NIFTY OIL & GAS","30 Aug 2021","7036.05","7125.50","7014.85","7114.75"
"NIFTY OIL & GAS","27 Aug 2021","7011.05","7030.60","6938.90","6992.45"
"NIFTY OIL & GAS","26 Aug 2021","6949.00","6986.30","6928.20","6968.40"
"NIFTY OIL & GAS","25 Aug 2021","6880.90","6936.60","6871.35","6911.40"
"NIFTY OIL & GAS","24 Aug 2021","6776.90","6843.10","6774.55","6835.05"
"NIFTY OIL & GAS","23 Aug 2021","6774.85","6776.90","6651.30","6722.10"
"NIFTY OIL & GAS","20 Aug 2021","6710.45","6754.40","6668.30","6692.80"
"NIFTY OIL & GAS","18 Aug 2021","6780.30","6801.10","6741.75","6766.65"
"NIFTY OIL & GAS","17 Aug 2021","6754.15","6776.90","6687.35","6749.45"
"NIFTY OIL & GAS","16 Aug 2021","6698.80","6781.60","6674.45","6751.10"
"NIFTY OIL & GAS","13 Aug 2021","6663.35","6695.10","6645.90","6688.85"
"NIFTY OIL & GAS","12 Aug 2021","6636.35","6662.50","6625.70","6642.90"
"NIFTY OIL & GAS","11 Aug 2021","6566.20","6634.55","6508.75","6626.55"
"NIFTY OIL & GAS","10 Aug 2021","6605.30","6627.45","6514.80","6547.40"
"NIFTY OIL & GAS","09 Aug 2021","6653.85","6664.10","6553.80","6582.20"
"NIFTY OIL & GAS","06 Aug 2021","-","-","-","6655.48"
"NIFTY OIL & GAS","05 Aug 2021","-","-","-","6678.45"
"NIFTY OIL & GAS","04 Aug 2021","-","-","-","6672.03"
"NIFTY OIL & GAS","03 Aug 2021","-","-","-","6690.80"
"NIFTY OIL & GAS","02 Aug 2021","-","-","-","6641.86"
"NIFTY OIL & GAS","30 Jul 2021","-","-","-","6526.35"
"NIFTY OIL & GAS","29 Jul 2021","-","-","-","6546.75"
"NIFTY OIL & GAS","28 Jul 2021","-","-","-","6534.70"
"NIFTY OIL & GAS","27 Jul 2021","-","-","-","6563.47"
"NIFTY OIL & GAS","26 Jul 2021","-","-","-","6605.37"
"NIFTY OIL & GAS","23 Jul 2021","-","-","-","6650.22"
"NIFTY OIL & GAS","22 Jul 2021","-","-","-","6655.42"
"NIFTY OIL & GAS","20 Jul 2021","-","-","-","6558.84"
"NIFTY OIL & GAS","19 Jul 2021","-","-","-","6603.26"
"NIFTY OIL & GAS","16 Jul 2021","-","-","-","6644.87"
"NIFTY OIL & GAS","15 Jul 2021","-","-","-","6606.80"
"NIFTY OIL & GAS","14 Jul 2021","-","-","-","6656.91"
"NIFTY OIL & GAS","13 Jul 2021","-","-","-","6711.33"
"NIFTY OIL & GAS","12 Jul 2021","-","-","-","6665.06"
"NIFTY OIL & GAS","09 Jul 2021","-","-","-","6671.96"
"NIFTY OIL & GAS","08 Jul 2021","-","-","-","6703.64"
"NIFTY OIL & GAS","07 Jul 2021","-","-","-","6733.44"
"NIFTY OIL & GAS","06 Jul 2021","-","-","-","6768.62"
"NIFTY OIL & GAS","05 Jul 2021","-","-","-","6782.27"
"NIFTY OIL & GAS","02 Jul 2021","-","-","-","6753.34"
"NIFTY OIL & GAS","01 Jul 2021","-","-","-","6748.14"
"NIFTY OIL & GAS","30 Jun 2021","-","-","-","6762.85"
"NIFTY OIL & GAS","29 Jun 2021","-","-","-","6776.38"
"NIFTY OIL & GAS","28 Jun 2021","-","-","-","6842.34"
"NIFTY OIL & GAS","25 Jun 2021","-","-","-","6861.79"
"NIFTY OIL & GAS","24 Jun 2021","-","-","-","6942.51"
"NIFTY OIL & GAS","23 Jun 2021","-","-","-","7061.59"
"NIFTY OIL & GAS","22 Jun 2021","-","-","-","7140.79"
"NIFTY OIL & GAS","21 Jun 2021","-","-","-","7104.97"
"NIFTY OIL & GAS","18 Jun 2021","-","-","-","7034.49"
"NIFTY OIL & GAS","17 Jun 2021","-","-","-","7147.06"
"NIFTY OIL & GAS","16 Jun 2021","-","-","-","7191.50"
"NIFTY OIL & GAS","15 Jun 2021","-","-","-","7267.20"
"NIFTY OIL & GAS","14 Jun 2021","-","-","-","7259.82"
"NIFTY OIL & GAS","11 Jun 2021","-","-","-","7263.51"
"NIFTY OIL & GAS","10 Jun 2021","-","-","-","7224.30"
"NIFTY OIL & GAS","09 Jun 2021","-","-","-","7196.14"
"NIFTY OIL & GAS","08 Jun 2021","-","-","-","7326.68"
"NIFTY OIL & GAS","07 Jun 2021","-","-","-","7324.21"
"NIFTY OIL & GAS","04 Jun 2021","-","-","-","7241.06"
"NIFTY OIL & GAS","03 Jun 2021","-","-","-","7184.12"
"NIFTY OIL & GAS","02 Jun 2021","-","-","-","7097.99"
"NIFTY OIL & GAS","01 Jun 2021","-","-","-","6970.51"
"NIFTY OIL & GAS","31 May 2021","-","-","-","6887.25"
"NIFTY OIL & GAS","28 May 2021","-","-","-","6776.45"
"NIFTY OIL & GAS","27 May 2021","-","-","-","6664.18"
"NIFTY OIL & GAS","26 May 2021","-","-","-","6655.16"
"NIFTY OIL & GAS","25 May 2021","-","-","-","6644.01"
"NIFTY OIL & GAS","24 May 2021","-","-","-","6652.18"
"NIFTY OIL & GAS","21 May 2021","-","-","-","6591.00"
"NIFTY OIL & GAS","20 May 2021","-","-","-","6547.07"
"NIFTY OIL & GAS","19 May 2021","-","-","-","6618.82"
"NIFTY OIL & GAS","18 May 2021","-","-","-","6616.18"
"NIFTY OIL & GAS","17 May 2021","-","-","-","6508.37"
"NIFTY OIL & GAS","14 May 2021","-","-","-","6416.08"
"NIFTY OIL & GAS","12 May 2021","-","-","-","6536.75"
"NIFTY OIL & GAS","11 May 2021","-","-","-","6619.50"
"NIFTY OIL & GAS","10 May 2021","-","-","-","6489.76"
"NIFTY OIL & GAS","07 May 2021","-","-","-","6424.42"
"NIFTY OIL & GAS","06 May 2021","-","-","-","6386.23"
"NIFTY OIL & GAS","05 May 2021","-","-","-","6317.17"
"NIFTY OIL & GAS","04 May 2021","-","-","-","6269.14"
"NIFTY OIL & GAS","03 May 2021","-","-","-","6257.51"
"NIFTY OIL & GAS","30 Apr 2021","-","-","-","6265.34"
"NIFTY OIL & GAS","29 Apr 2021","-","-","-","6228.25"
"NIFTY OIL & GAS","28 Apr 2021","-","-","-","6205.92"
"NIFTY OIL & GAS","27 Apr 2021","-","-","-","6191.16"
"NIFTY OIL & GAS","26 Apr 2021","-","-","-","6122.87"
"NIFTY OIL & GAS","23 Apr 2021","-","-","-","6085.22"
"NIFTY OIL & GAS","22 Apr 2021","-","-","-","6081.97"
"NIFTY OIL & GAS","20 Apr 2021","-","-","-","6044.96"
"NIFTY OIL & GAS","19 Apr 2021","-","-","-","6038.84"
"NIFTY OIL & GAS","16 Apr 2021","-","-","-","6153.24"
"NIFTY OIL & GAS","15 Apr 2021","-","-","-","6130.98"
"NIFTY OIL & GAS","13 Apr 2021","-","-","-","6052.97"
"NIFTY OIL & GAS","12 Apr 2021","-","-","-","5932.82"
"NIFTY OIL & GAS","09 Apr 2021","-","-","-","6228.94"
"NIFTY OIL & GAS","08 Apr 2021","-","-","-","6207.64"
"NIFTY OIL & GAS","07 Apr 2021","-","-","-","6243.95"
"NIFTY OIL & GAS","06 Apr 2021","-","-","-","6237.03"
"NIFTY OIL & GAS","05 Apr 2021","-","-","-","6230.78"
"NIFTY OIL & GAS","01 Apr 2021","-","-","-","6283.58"
"NIFTY OIL & GAS","31 Mar 2021","-","-","-","6147.95"
"NIFTY OIL & GAS","30 Mar 2021","-","-","-","6141.64"
"NIFTY OIL & GAS","26 Mar 2021","-","-","-","6064.39"
"NIFTY OIL & GAS","25 Mar 2021","-","-","-","6011.38"
"NIFTY OIL & GAS","24 Mar 2021","-","-","-","6164.66"
"NIFTY OIL & GAS","23 Mar 2021","-","-","-","6251.88"
"NIFTY OIL & GAS","22 Mar 2021","-","-","-","6219.06"
"NIFTY OIL & GAS","19 Mar 2021","-","-","-","6190.49"
"NIFTY OIL & GAS","18 Mar 2021","-","-","-","6087.89"
"NIFTY OIL & GAS","17 Mar 2021","-","-","-","6169.18"
"NIFTY OIL & GAS","16 Mar 2021","-","-","-","6353.44"
"NIFTY OIL & GAS","15 Mar 2021","-","-","-","6370.45"
"NIFTY OIL & GAS","12 Mar 2021","-","-","-","6416.80"
"NIFTY OIL & GAS","10 Mar 2021","-","-","-","6429.37"
"NIFTY OIL & GAS","09 Mar 2021","-","-","-","6468.19"
"NIFTY OIL & GAS","08 Mar 2021","-","-","-","6570.59"
"NIFTY OIL & GAS","05 Mar 2021","-","-","-","6481.65"
"NIFTY OIL & GAS","04 Mar 2021","-","-","-","6471.81"
"NIFTY OIL & GAS","03 Mar 2021","-","-","-","6498.01"
"NIFTY OIL & GAS","02 Mar 2021","-","-","-","6346.68"
"NIFTY OIL & GAS","01 Mar 2021","-","-","-","6279.56"
"NIFTY OIL & GAS","26 Feb 2021","-","-","-","6164.50"
"NIFTY OIL & GAS","25 Feb 2021","-","-","-","6362.59"
"NIFTY OIL & GAS","24 Feb 2021","-","-","-","6145.79"
"NIFTY OIL & GAS","23 Feb 2021","-","-","-","6089.25"
"NIFTY OIL & GAS","22 Feb 2021","-","-","-","6003.92"
"NIFTY OIL & GAS","19 Feb 2021","-","-","-","6117.90"
"NIFTY OIL & GAS","18 Feb 2021","-","-","-","6160.97"
"NIFTY OIL & GAS","17 Feb 2021","-","-","-","5977.48"
"NIFTY OIL & GAS","16 Feb 2021","-","-","-","5957.82"
"NIFTY OIL & GAS","15 Feb 2021","-","-","-","5839.38"
"NIFTY OIL & GAS","12 Feb 2021","-","-","-","5840.24"
"NIFTY OIL & GAS","11 Feb 2021","-","-","-","5910.18"
"NIFTY OIL & GAS","10 Feb 2021","-","-","-","5803.94"
"NIFTY OIL & GAS","09 Feb 2021","-","-","-","5803.37"
"NIFTY OIL & GAS","08 Feb 2021","-","-","-","5771.16"
"NIFTY OIL & GAS","05 Feb 2021","-","-","-","5665.43"
"NIFTY OIL & GAS","04 Feb 2021","-","-","-","5711.51"
"NIFTY OIL & GAS","03 Feb 2021","-","-","-","5655.47"
"NIFTY OIL & GAS","02 Feb 2021","-","-","-","5618.89"
"NIFTY OIL & GAS","01 Feb 2021","-","-","-","5498.95"
"NIFTY OIL & GAS","29 Jan 2021","-","-","-","5379.75"
"NIFTY OIL & GAS","28 Jan 2021","-","-","-","5456.46"
"NIFTY OIL & GAS","27 Jan 2021","-","-","-","5438.57"
"NIFTY OIL & GAS","25 Jan 2021","-","-","-","5539.08"
"NIFTY OIL & GAS","22 Jan 2021","-","-","-","5671.20"
"NIFTY OIL & GAS","21 Jan 2021","-","-","-","5759.90"
"NIFTY OIL & GAS","20 Jan 2021","-","-","-","5817.54"
"NIFTY OIL & GAS","19 Jan 2021","-","-","-","5778.48"
"NIFTY OIL & GAS","18 Jan 2021","-","-","-","5696.07"
"NIFTY OIL & GAS","15 Jan 2021","-","-","-","5751.34"
"NIFTY OIL & GAS","14 Jan 2021","-","-","-","5873.76"
"NIFTY OIL & GAS","13 Jan 2021","-","-","-","5801.69"
"NIFTY OIL & GAS","12 Jan 2021","-","-","-","5784.12"
"NIFTY OIL & GAS","11 Jan 2021","-","-","-","5686.98"
"NIFTY OIL & GAS","08 Jan 2021","-","-","-","5691.37"
"NIFTY OIL & GAS","07 Jan 2021","-","-","-","5611.69"
"NIFTY OIL & GAS","06 Jan 2021","-","-","-","5595.07"
"NIFTY OIL & GAS","05 Jan 2021","-","-","-","5604.06"
"NIFTY OIL & GAS","04 Jan 2021","-","-","-","5627.34"
"NIFTY OIL & GAS","01 Jan 2021","-","-","-","5542.87"
"NIFTY OIL & GAS","31 Dec 2020","-","-","-","5524.05"
"NIFTY OIL & GAS","30 Dec 2020","-","-","-","5542.50"
"NIFTY OIL & GAS","29 Dec 2020","-","-","-","5535.17"
"NIFTY OIL & GAS","28 Dec 2020","-","-","-","5538.03"
"NIFTY OIL & GAS","24 Dec 2020","-","-","-","5484.13"
"NIFTY OIL & GAS","23 Dec 2020","-","-","-","5394.47"
"NIFTY OIL & GAS","22 Dec 2020","-","-","-","5367.29"
"NIFTY OIL & GAS","21 Dec 2020","-","-","-","5301.39"
"NIFTY OIL & GAS","18 Dec 2020","-","-","-","5607.17"
"NIFTY OIL & GAS","17 Dec 2020","-","-","-","5639.36"
"NIFTY OIL & GAS","16 Dec 2020","-","-","-","5678.06"
"NIFTY OIL & GAS","15 Dec 2020","-","-","-","5652.26"
"NIFTY OIL & GAS","14 Dec 2020","-","-","-","5704.83"
"NIFTY OIL & GAS","11 Dec 2020","-","-","-","5617.22"
"NIFTY OIL & GAS","10 Dec 2020","-","-","-","5537.88"
"NIFTY OIL & GAS","09 Dec 2020","-","-","-","5576.84"
"NIFTY OIL & GAS","08 Dec 2020","-","-","-","5523.29"
"NIFTY OIL & GAS","07 Dec 2020","-","-","-","5522.51"
"NIFTY OIL & GAS","04 Dec 2020","-","-","-","5463.15"
"NIFTY OIL & GAS","03 Dec 2020","-","-","-","5463.37"
"NIFTY OIL & GAS","02 Dec 2020","-","-","-","5398.23"
"NIFTY OIL & GAS","01 Dec 2020","-","-","-","5317.40"
"NIFTY OIL & GAS","27 Nov 2020","-","-","-","5217.53"
"NIFTY OIL & GAS","26 Nov 2020","-","-","-","5194.55"
"NIFTY OIL & GAS","25 Nov 2020","-","-","-","5204.29"
"NIFTY OIL & GAS","24 Nov 2020","-","-","-","5206.42"
"NIFTY OIL & GAS","23 Nov 2020","-","-","-","5190.67"
"NIFTY OIL & GAS","20 Nov 2020","-","-","-","5072.94"
"NIFTY OIL & GAS","19 Nov 2020","-","-","-","5092.66"
"NIFTY OIL & GAS","18 Nov 2020","-","-","-","5123.79"
"NIFTY OIL & GAS","17 Nov 2020","-","-","-","5101.72"
"NIFTY OIL & GAS","14 Nov 2020","-","-","-","5117.64"
"NIFTY OIL & GAS","13 Nov 2020","-","-","-","5057.14"
"NIFTY OIL & GAS","12 Nov 2020","-","-","-","5029.78"
"NIFTY OIL & GAS","11 Nov 2020","-","-","-","5040.54"
"NIFTY OIL & GAS","10 Nov 2020","-","-","-","5035.72"
"NIFTY OIL & GAS","09 Nov 2020","-","-","-","4947.95"
"NIFTY OIL & GAS","06 Nov 2020","-","-","-","4882.95"
"NIFTY OIL & GAS","05 Nov 2020","-","-","-","4820.05"
"NIFTY OIL & GAS","04 Nov 2020","-","-","-","4684.29"
"NIFTY OIL & GAS","03 Nov 2020","-","-","-","4632.70"
"NIFTY OIL & GAS","02 Nov 2020","-","-","-","4646.26"
"NIFTY OIL & GAS","30 Oct 2020","-","-","-","4806.91"
"NIFTY OIL & GAS","29 Oct 2020","-","-","-","4738.35"
"NIFTY OIL & GAS","28 Oct 2020","-","-","-","4729.40"
"NIFTY OIL & GAS","27 Oct 2020","-","-","-","4771.95"
"NIFTY OIL & GAS","26 Oct 2020","-","-","-","4755.22"
"NIFTY OIL & GAS","23 Oct 2020","-","-","-","4857.05"
"NIFTY OIL & GAS","22 Oct 2020","-","-","-","4846.33"
"NIFTY OIL & GAS","21 Oct 2020","-","-","-","4806.04"
"NIFTY OIL & GAS","20 Oct 2020","-","-","-","4789.65"
"NIFTY OIL & GAS","19 Oct 2020","-","-","-","4844.03"
"NIFTY OIL & GAS","16 Oct 2020","-","-","-","4777.30"
"NIFTY OIL & GAS","15 Oct 2020","-","-","-","4741.48"
"NIFTY OIL & GAS","14 Oct 2020","-","-","-","4816.26"
"NIFTY OIL & GAS","13 Oct 2020","-","-","-","4853.76"
"NIFTY OIL & GAS","12 Oct 2020","-","-","-","4850.55"
"NIFTY OIL & GAS","09 Oct 2020","-","-","-","4890.82"
"NIFTY OIL & GAS","08 Oct 2020","-","-","-","4871.29"
"NIFTY OIL & GAS","07 Oct 2020","-","-","-","4907.84"
"NIFTY OIL & GAS","06 Oct 2020","-","-","-","4906.81"
"NIFTY OIL & GAS","05 Oct 2020","-","-","-","4916.19"
"NIFTY OIL & GAS","01 Oct 2020","-","-","-","4920.95"
"NIFTY OIL & GAS","30 Sep 2020","-","-","-","4914.80"
"NIFTY OIL & GAS","29 Sep 2020","-","-","-","4990.99"
"NIFTY OIL & GAS","28 Sep 2020","-","-","-","5000.28"
"NIFTY OIL & GAS","25 Sep 2020","-","-","-","4908.07"
"NIFTY OIL & GAS","24 Sep 2020","-","-","-","4822.88"
"NIFTY OIL & GAS","23 Sep 2020","-","-","-","4952.75"
"NIFTY OIL & GAS","22 Sep 2020","-","-","-","4966.03"
"NIFTY OIL & GAS","21 Sep 2020","-","-","-","5081.94"
"NIFTY OIL & GAS","18 Sep 2020","-","-","-","5221.17"
"NIFTY OIL & GAS","17 Sep 2020","-","-","-","5221.69"
"NIFTY OIL & GAS","16 Sep 2020","-","-","-","5252.69"
"NIFTY OIL & GAS","15 Sep 2020","-","-","-","5273.71"
"NIFTY OIL & GAS","14 Sep 2020","-","-","-","5237.32"
"NIFTY OIL & GAS","11 Sep 2020","-","-","-","5249.23"
"NIFTY OIL & GAS","10 Sep 2020","-","-","-","5240.65"
"NIFTY OIL & GAS","09 Sep 2020","-","-","-","5033.23"
"NIFTY OIL & GAS","08 Sep 2020","-","-","-","5028.77"
"NIFTY OIL & GAS","07 Sep 2020","-","-","-","5022.25"
"NIFTY OIL & GAS","04 Sep 2020","-","-","-","5039.85"
"NIFTY OIL & GAS","03 Sep 2020","-","-","-","5117.82"
"NIFTY OIL & GAS","02 Sep 2020","-","-","-","5136.60"
"NIFTY OIL & GAS","01 Sep 2020","-","-","-","5067.02"
"NIFTY OIL & GAS","31 Aug 2020","-","-","-","5087.73"
"NIFTY OIL & GAS","28 Aug 2020","-","-","-","5192.55"
"NIFTY OIL & GAS","27 Aug 2020","-","-","-","5172.90"
"NIFTY OIL & GAS","26 Aug 2020","-","-","-","5218.07"
"NIFTY OIL & GAS","25 Aug 2020","-","-","-","5173.70"
"NIFTY OIL & GAS","24 Aug 2020","-","-","-","5184.50"
"NIFTY OIL & GAS","21 Aug 2020","-","-","-","5168.22"
"NIFTY OIL & GAS","20 Aug 2020","-","-","-","5186.32"
"NIFTY OIL & GAS","19 Aug 2020","-","-","-","5165.79"
"NIFTY OIL & GAS","18 Aug 2020","-","-","-","5143.82"
"NIFTY OIL & GAS","17 Aug 2020","-","-","-","5113.74"
"NIFTY OIL & GAS","14 Aug 2020","-","-","-","5115.07"
"NIFTY OIL & GAS","13 Aug 2020","-","-","-","5180.62"
"NIFTY OIL & GAS","12 Aug 2020","-","-","-","5171.07"
"NIFTY OIL & GAS","11 Aug 2020","-","-","-","5176.51"
"NIFTY OIL & GAS","10 Aug 2020","-","-","-","5147.20"
"NIFTY OIL & GAS","07 Aug 2020","-","-","-","5161.31"
"NIFTY OIL & GAS","06 Aug 2020","-","-","-","5129.20"
"NIFTY OIL & GAS","05 Aug 2020","-","-","-","5105.43"
"NIFTY OIL & GAS","04 Aug 2020","-","-","-","5114.91"
"NIFTY OIL & GAS","03 Aug 2020","-","-","-","5003.97"
"NIFTY OIL & GAS","31 Jul 2020","-","-","-","5083.27"
"NIFTY OIL & GAS","30 Jul 2020","-","-","-","5129.89"
"NIFTY OIL & GAS","29 Jul 2020","-","-","-","5213.63"
"NIFTY OIL & GAS","28 Jul 2020","-","-","-","5290.13"
"NIFTY OIL & GAS","27 Jul 2020","-","-","-","5274.41"
"NIFTY OIL & GAS","24 Jul 2020","-","-","-","5270.30"
"NIFTY OIL & GAS","23 Jul 2020","-","-","-","5254.33"
"NIFTY OIL & GAS","22 Jul 2020","-","-","-","5177.39"
"NIFTY OIL & GAS","21 Jul 2020","-","-","-","5195.12"
"NIFTY OIL & GAS","20 Jul 2020","-","-","-","5063.54"
"NIFTY OIL & GAS","17 Jul 2020","-","-","-","5042.91"
"NIFTY OIL & GAS","16 Jul 2020","-","-","-","4826.21"
"NIFTY OIL & GAS","15 Jul 2020","-","-","-","4793.64"
"NIFTY OIL & GAS","14 Jul 2020","-","-","-","4916.16"
"NIFTY OIL & GAS","13 Jul 2020","-","-","-","4961.31"
"NIFTY OIL & GAS","10 Jul 2020","-","-","-","4894.96"
"NIFTY OIL & GAS","09 Jul 2020","-","-","-","4868.74"
"NIFTY OIL & GAS","08 Jul 2020","-","-","-","4860.27"
"NIFTY OIL & GAS","07 Jul 2020","-","-","-","4896.18"
"NIFTY OIL & GAS","06 Jul 2020","-","-","-","5010.79"
"NIFTY OIL & GAS","03 Jul 2020","-","-","-","4933.04"
"NIFTY OIL & GAS","02 Jul 2020","-","-","-","4882.42"
"NIFTY OIL & GAS","01 Jul 2020","-","-","-","4834.18"
"NIFTY OIL & GAS","30 Jun 2020","-","-","-","4787.17"
"NIFTY OIL & GAS","29 Jun 2020","-","-","-","4851.81"
"NIFTY OIL & GAS","26 Jun 2020","-","-","-","4929.01"
"NIFTY OIL & GAS","25 Jun 2020","-","-","-","4816.79"
"NIFTY OIL & GAS","24 Jun 2020","-","-","-","4852.40"
"NIFTY OIL & GAS","23 Jun 2020","-","-","-","4891.08"
"NIFTY OIL & GAS","22 Jun 2020","-","-","-","4901.75"
"NIFTY OIL & GAS","19 Jun 2020","-","-","-","4884.04"
"NIFTY OIL & GAS","18 Jun 2020","-","-","-","4726.62"
"NIFTY OIL & GAS","17 Jun 2020","-","-","-","4666.47"
"NIFTY OIL & GAS","16 Jun 2020","-","-","-","4664.53"
"NIFTY OIL & GAS","15 Jun 2020","-","-","-","4669.56"
"NIFTY OIL & GAS","12 Jun 2020","-","-","-","4662.87"
"NIFTY OIL & GAS","11 Jun 2020","-","-","-","4599.94"
"NIFTY OIL & GAS","10 Jun 2020","-","-","-","4668.99"
"NIFTY OIL & GAS","09 Jun 2020","-","-","-","4661.83"
"NIFTY OIL & GAS","08 Jun 2020","-","-","-","4748.41"
"NIFTY OIL & GAS","05 Jun 2020","-","-","-","4661.86"
"NIFTY OIL & GAS","04 Jun 2020","-","-","-","4607.72"
"NIFTY OIL & GAS","03 Jun 2020","-","-","-","4555.77"
"NIFTY OIL & GAS","02 Jun 2020","-","-","-","4485.44"
"NIFTY OIL & GAS","01 Jun 2020","-","-","-","4448.45"
"NIFTY OIL & GAS","29 May 2020","-","-","-","4367.34"
"NIFTY OIL & GAS","28 May 2020","-","-","-","4263.08"
"NIFTY OIL & GAS","27 May 2020","-","-","-","4213.68"
"NIFTY OIL & GAS","26 May 2020","-","-","-","4161.79"
"NIFTY OIL & GAS","22 May 2020","-","-","-","4147.75"
"NIFTY OIL & GAS","21 May 2020","-","-","-","4160.20"
"NIFTY OIL & GAS","20 May 2020","-","-","-","4130.93"
"NIFTY OIL & GAS","19 May 2020","-","-","-","4041.48"
"NIFTY OIL & GAS","18 May 2020","-","-","-","4033.61"
"NIFTY OIL & GAS","15 May 2020","-","-","-","4185.22"
"NIFTY OIL & GAS","14 May 2020","-","-","-","4154.32"
"NIFTY OIL & GAS","13 May 2020","-","-","-","4272.96"
"NIFTY OIL & GAS","12 May 2020","-","-","-","4214.45"
"NIFTY OIL & GAS","11 May 2020","-","-","-","4362.63"
"NIFTY OIL & GAS","08 May 2020","-","-","-","4326.87"
"NIFTY OIL & GAS","07 May 2020","-","-","-","4276.78"
"NIFTY OIL & GAS","06 May 2020","-","-","-","4280.18"
"NIFTY OIL & GAS","05 May 2020","-","-","-","4286.50"
"NIFTY OIL & GAS","04 May 2020","-","-","-","4268.75"
"NIFTY OIL & GAS","30 Apr 2020","-","-","-","4422.85"
"NIFTY OIL & GAS","29 Apr 2020","-","-","-","4247.42"
"NIFTY OIL & GAS","28 Apr 2020","-","-","-","4201.18"
"NIFTY OIL & GAS","27 Apr 2020","-","-","-","4172.84"
"NIFTY OIL & GAS","24 Apr 2020","-","-","-","4123.58"
"NIFTY OIL & GAS","23 Apr 2020","-","-","-","4113.49"
"NIFTY OIL & GAS","22 Apr 2020","-","-","-","4093.52"
"NIFTY OIL & GAS","21 Apr 2020","-","-","-","3965.15"
"NIFTY OIL & GAS","20 Apr 2020","-","-","-","4084.05"
"NIFTY OIL & GAS","17 Apr 2020","-","-","-","4038.81"
"NIFTY OIL & GAS","16 Apr 2020","-","-","-","3958.65"
"NIFTY OIL & GAS","15 Apr 2020","-","-","-","3887.01"
"NIFTY OIL & GAS","13 Apr 2020","-","-","-","3925.59"
"NIFTY OIL & GAS","09 Apr 2020","-","-","-","3984.38"
"NIFTY OIL & GAS","08 Apr 2020","-","-","-","3882.02"
"NIFTY OIL & GAS","07 Apr 2020","-","-","-","3873.52"
"NIFTY OIL & GAS","03 Apr 2020","-","-","-","3588.60"
"NIFTY OIL & GAS","01 Apr 2020","-","-","-","3530.41"
"NIFTY OIL & GAS","31 Mar 2020","-","-","-","3615.06"
"NIFTY OIL & GAS","30 Mar 2020","-","-","-","3338.22"
"NIFTY OIL & GAS","27 Mar 2020","-","-","-","3400.19"
"NIFTY OIL & GAS","26 Mar 2020","-","-","-","3437.01"
"NIFTY OIL & GAS","25 Mar 2020","-","-","-","3379.32"
"NIFTY OIL & GAS","24 Mar 2020","-","-","-","3203.12"
"NIFTY OIL & GAS","23 Mar 2020","-","-","-","3158.58"
"NIFTY OIL & GAS","20 Mar 2020","-","-","-","3577.14"
"NIFTY OIL & GAS","19 Mar 2020","-","-","-","3279.86"
"NIFTY OIL & GAS","18 Mar 2020","-","-","-","3445.94"
"NIFTY OIL & GAS","17 Mar 2020","-","-","-","3563.51"
"NIFTY OIL & GAS","16 Mar 2020","-","-","-","3596.80"
"NIFTY OIL & GAS","13 Mar 2020","-","-","-","3825.33"
"NIFTY OIL & GAS","12 Mar 2020","-","-","-","3637.84"
"NIFTY OIL & GAS","11 Mar 2020","-","-","-","4021.20"
"NIFTY OIL & GAS","09 Mar 2020","-","-","-","4059.32"
"NIFTY OIL & GAS","06 Mar 2020","-","-","-","4343.43"
"NIFTY OIL & GAS","05 Mar 2020","-","-","-","4462.48"
"NIFTY OIL & GAS","04 Mar 2020","-","-","-","4506.16"
"NIFTY OIL & GAS","03 Mar 2020","-","-","-","4533.21"
"NIFTY OIL & GAS","02 Mar 2020","-","-","-","4409.07"
"NIFTY OIL & GAS","28 Feb 2020","-","-","-","4487.76"
"NIFTY OIL & GAS","27 Feb 2020","-","-","-","4644.55"
"NIFTY OIL & GAS","26 Feb 2020","-","-","-","4697.16"
"NIFTY OIL & GAS","25 Feb 2020","-","-","-","4780.63"
"NIFTY OIL & GAS","24 Feb 2020","-","-","-","4846.22"
"NIFTY OIL & GAS","20 Feb 2020","-","-","-","4971.79"
"NIFTY OIL & GAS","19 Feb 2020","-","-","-","5006.37"
"NIFTY OIL & GAS","18 Feb 2020","-","-","-","4921.62"
"NIFTY OIL & GAS","17 Feb 2020","-","-","-","4919.52"
"NIFTY OIL & GAS","14 Feb 2020","-","-","-","5000.86"
"NIFTY OIL & GAS","13 Feb 2020","-","-","-","5017.05"
"NIFTY OIL & GAS","12 Feb 2020","-","-","-","5043.71"
"NIFTY OIL & GAS","11 Feb 2020","-","-","-","5020.22"
"NIFTY OIL & GAS","10 Feb 2020","-","-","-","4994.88"
"NIFTY OIL & GAS","07 Feb 2020","-","-","-","5037.22"
"NIFTY OIL & GAS","06 Feb 2020","-","-","-","5064.00"
"NIFTY OIL & GAS","05 Feb 2020","-","-","-","5021.57"
"NIFTY OIL & GAS","04 Feb 2020","-","-","-","4954.18"
"NIFTY OIL & GAS","03 Feb 2020","-","-","-","4803.57"
"NIFTY OIL & GAS","01 Feb 2020","-","-","-","4790.21"
"NIFTY OIL & GAS","31 Jan 2020","-","-","-","4903.70"
"NIFTY OIL & GAS","30 Jan 2020","-","-","-","5036.72"
"NIFTY OIL & GAS","29 Jan 2020","-","-","-","5131.24"
"NIFTY OIL & GAS","28 Jan 2020","-","-","-","5110.97"
"NIFTY OIL & GAS","27 Jan 2020","-","-","-","5128.09"
"NIFTY OIL & GAS","24 Jan 2020","-","-","-","5165.39"
"NIFTY OIL & GAS","23 Jan 2020","-","-","-","5162.29"
"NIFTY OIL & GAS","22 Jan 2020","-","-","-","5089.66"
"NIFTY OIL & GAS","21 Jan 2020","-","-","-","5153.74"
"NIFTY OIL & GAS","20 Jan 2020","-","-","-","5157.92"
"NIFTY OIL & GAS","17 Jan 2020","-","-","-","5242.03"
"NIFTY OIL & GAS","16 Jan 2020","-","-","-","5203.19"
"NIFTY OIL & GAS","15 Jan 2020","-","-","-","5209.55"
"NIFTY OIL & GAS","14 Jan 2020","-","-","-","5196.52"
"NIFTY OIL & GAS","13 Jan 2020","-","-","-","5192.69"
"NIFTY OIL & GAS","10 Jan 2020","-","-","-","5167.16"
"NIFTY OIL & GAS","09 Jan 2020","-","-","-","5165.84"
"NIFTY OIL & GAS","08 Jan 2020","-","-","-","5082.28"
"NIFTY OIL & GAS","07 Jan 2020","-","-","-","5119.10"
"NIFTY OIL & GAS","06 Jan 2020","-","-","-","5099.56"
"NIFTY OIL & GAS","03 Jan 2020","-","-","-","5217.22"
"NIFTY OIL & GAS","02 Jan 2020","-","-","-","5224.22"
"NIFTY OIL & GAS","01 Jan 2020","-","-","-","5173.30"